wpm,raw,accuracy,consistency,date,epoch,song,track uri,tempo (bpm),artist genres
113.45,123.83,95.48%,85.57%,21 Jun 2023  16:23,1687389780,no_matches,no_matches,no_matches,no_matches
143.9,143.9,100.00%,65.45%,21 Jun 2023  16:20,1687389600,no_matches,no_matches,no_matches,no_matches
106.33,112.72,97.89%,81.16%,20 Jun 2023  16:45,1687304700,no_matches,no_matches,no_matches,no_matches
127.2,132.8,97.59%,86.21%,20 Jun 2023  16:44,1687304640,no_matches,no_matches,no_matches,no_matches
91.94,110.33,90.71%,78.33%,20 Jun 2023  16:36,1687304160,no_matches,no_matches,no_matches,no_matches
115.12,127.12,94.97%,91.02%,20 Jun 2023  16:36,1687304160,no_matches,no_matches,no_matches,no_matches
96.74,100.73,96.09%,65.54%,19 Jun 2023  10:28,1687195680,no_matches,no_matches,no_matches,no_matches
102.4,112.0,95.00%,80.97%,19 Jun 2023  10:27,1687195620,no_matches,no_matches,no_matches,no_matches
96.74,115.12,89.19%,78.15%,19 Jun 2023  10:27,1687195620,no_matches,no_matches,no_matches,no_matches
99.2,116.8,91.78%,82.22%,17 Jun 2023  21:38,1687063080,no_matches,no_matches,no_matches,no_matches
118.32,132.71,90.64%,76.73%,17 Jun 2023  21:38,1687063080,no_matches,no_matches,no_matches,no_matches
107.93,112.72,97.92%,79.24%,05 Jun 2023  13:49,1685998140,no_matches,no_matches,no_matches,no_matches
97.53,112.72,91.61%,80.15%,05 Jun 2023  13:48,1685998080,no_matches,no_matches,no_matches,no_matches
131.11,135.11,97.67%,84.44%,24 May 2023  13:26,1684959960,no_matches,no_matches,no_matches,no_matches
121.52,125.52,96.88%,82.66%,24 May 2023  13:25,1684959900,no_matches,no_matches,no_matches,no_matches
121.52,135.11,94.71%,77.99%,24 May 2023  13:25,1684959900,no_matches,no_matches,no_matches,no_matches
111.93,139.11,89.66%,89.19%,24 May 2023  13:24,1684959840,no_matches,no_matches,no_matches,no_matches
125.43,136.62,95.32%,80.84%,20 May 2023  23:17,1684649820,no_matches,no_matches,no_matches,no_matches
108.66,120.64,90.91%,71.45%,20 May 2023  14:26,1684617960,All Comes Crashing,spotify:track:4XRvI0XtqdOGYeC36VkbwA,111.021,"canadian indie, canadian rock, indie rock, indietronica, metropopolis, neo-synthpop"
96.8,111.2,89.58%,69.86%,20 May 2023  14:25,1684617900,All Comes Crashing,spotify:track:4XRvI0XtqdOGYeC36VkbwA,111.021,"canadian indie, canadian rock, indie rock, indietronica, metropopolis, neo-synthpop"
114.32,125.52,93.21%,82.05%,20 May 2023  14:25,1684617900,All Comes Crashing,spotify:track:4XRvI0XtqdOGYeC36VkbwA,111.021,"canadian indie, canadian rock, indie rock, indietronica, metropopolis, neo-synthpop"
112.8,130.4,92.73%,81.22%,20 May 2023  14:25,1684617900,All Comes Crashing,spotify:track:4XRvI0XtqdOGYeC36VkbwA,111.021,"canadian indie, canadian rock, indie rock, indietronica, metropopolis, neo-synthpop"
72.0,106.4,85.29%,64.79%,18 May 2023  17:16,1684455360,no_matches,no_matches,no_matches,no_matches
104.73,118.32,90.13%,72.12%,16 May 2023  17:48,1684284480,no_matches,no_matches,no_matches,no_matches
63.16,76.75,87.50%,78.05%,14 May 2023  16:59,1684108740,no_matches,no_matches,no_matches,no_matches
108.0,135.2,90.00%,75.75%,14 May 2023  16:54,1684108440,no_matches,no_matches,no_matches,no_matches
67.2,84.0,92.38%,86.20%,14 May 2023  16:19,1684106340,no_matches,no_matches,no_matches,no_matches
105.6,117.6,93.88%,83.67%,14 May 2023  10:18,1684084680,no_matches,no_matches,no_matches,no_matches
111.93,122.32,94.23%,70.88%,14 May 2023  10:18,1684084680,no_matches,no_matches,no_matches,no_matches
126.32,131.91,95.81%,77.07%,10 May 2023  15:37,1683758220,Clean,spotify:track:4bXCcoesMt8u99xMsbLr9U,103.97,sleep
135.91,140.71,98.86%,86.63%,10 May 2023  15:36,1683758160,Clean,spotify:track:4bXCcoesMt8u99xMsbLr9U,103.97,sleep
136.0,144.8,96.69%,87.72%,10 May 2023  15:36,1683758160,Clean,spotify:track:4bXCcoesMt8u99xMsbLr9U,103.97,sleep
116.8,123.2,97.42%,78.03%,10 May 2023  14:30,1683754200,Perfect Places,spotify:track:7ARveOiD31w2Nq0n5FsSf8,104.41,"art pop, metropopolis, nz pop, pop"
122.32,132.71,94.64%,71.73%,10 May 2023  14:30,1683754200,Perfect Places,spotify:track:7ARveOiD31w2Nq0n5FsSf8,104.41,"art pop, metropopolis, nz pop, pop"
116.8,144.0,90.06%,79.82%,10 May 2023  14:27,1683754020,Perfect Places,spotify:track:7ARveOiD31w2Nq0n5FsSf8,104.41,"art pop, metropopolis, nz pop, pop"
118.32,119.12,96.75%,76.55%,08 May 2023  14:45,1683582300,no_matches,no_matches,no_matches,no_matches
119.12,126.32,96.27%,76.07%,08 May 2023  14:44,1683582240,no_matches,no_matches,no_matches,no_matches
119.92,133.51,93.41%,86.94%,05 May 2023  22:07,1683349620,no_matches,no_matches,no_matches,no_matches
120.8,131.2,92.77%,77.51%,05 May 2023  22:06,1683349560,Moon and Star,spotify:track:6BE9BahR3PqQCZqeesvii3,139.977,aesthetic rap
113.6,120.0,95.39%,75.33%,05 May 2023  22:06,1683349560,Moon and Star,spotify:track:6BE9BahR3PqQCZqeesvii3,139.977,aesthetic rap
106.26,121.44,93.42%,84.35%,03 May 2023  10:44,1683135840,A World Alone,spotify:track:55N0YHhO55Q1lWsc4dDPcI,118.017,"art pop, metropopolis, nz pop, pop"
126.95,148.5,91.94%,84.76%,03 May 2023  10:44,1683135840,A World Alone,spotify:track:55N0YHhO55Q1lWsc4dDPcI,118.017,"art pop, metropopolis, nz pop, pop"
130.4,140.8,93.82%,72.85%,01 May 2023  13:24,1682972640,no_matches,no_matches,no_matches,no_matches
133.51,138.31,98.27%,87.00%,29 Apr 2023  21:05,1682827500,VÃ¤stanberg,spotify:track:5y12KD8jBz0yS4S6Ezg7xw,102.526,"folktronica, gothenburg indie"
88.8,116.0,85.03%,78.21%,29 Apr 2023  21:04,1682827440,Valentine,spotify:track:3i2ZOHAZKXZYnCoNjkikaA,126.02,gen z singer-songwriter
112.0,135.2,89.66%,73.14%,29 Apr 2023  21:04,1682827440,Valentine,spotify:track:3i2ZOHAZKXZYnCoNjkikaA,126.02,gen z singer-songwriter
123.12,127.91,97.52%,81.22%,29 Apr 2023  16:45,1682811900,Valentine,spotify:track:3i2ZOHAZKXZYnCoNjkikaA,126.02,gen z singer-songwriter
103.93,108.73,97.06%,83.66%,28 Apr 2023  21:37,1682743020,no_matches,no_matches,no_matches,no_matches
111.93,122.32,93.51%,81.36%,28 Apr 2023  21:35,1682742900,no_matches,no_matches,no_matches,no_matches
116.72,116.72,97.99%,78.11%,28 Apr 2023  21:34,1682742840,no_matches,no_matches,no_matches,no_matches
96.74,111.13,92.86%,67.59%,28 Apr 2023  21:33,1682742780,no_matches,no_matches,no_matches,no_matches
112.72,125.52,96.18%,85.67%,23 Apr 2023  10:21,1682270460,no_matches,no_matches,no_matches,no_matches
127.12,135.91,95.93%,84.77%,23 Apr 2023  10:20,1682270400,no_matches,no_matches,no_matches,no_matches
76.75,107.13,83.57%,68.79%,22 Apr 2023  04:01,1682161260,Breathing Underwater,spotify:track:1KZjU7csKHOLRiRPBWZIJS,141.13,"canadian indie, canadian rock, indie rock, indietronica, metropopolis, neo-synthpop"
113.6,124.8,96.82%,78.82%,20 Apr 2023  18:55,1682042100,no_matches,no_matches,no_matches,no_matches
109.53,137.51,89.66%,80.39%,20 Apr 2023  18:55,1682042100,no_matches,no_matches,no_matches,no_matches
103.2,123.2,89.10%,74.49%,11 Apr 2023  09:33,1681230780,no_matches,no_matches,no_matches,no_matches
127.12,139.91,95.43%,79.56%,05 Apr 2023  09:32,1680712320,no_matches,no_matches,no_matches,no_matches
98.27,123.83,90.45%,70.02%,05 Apr 2023  09:17,1680711420,no_matches,no_matches,no_matches,no_matches
122.24,125.43,95.65%,82.17%,04 Apr 2023  15:12,1680646320,no_matches,no_matches,no_matches,no_matches
118.16,135.73,92.44%,83.00%,04 Apr 2023  13:17,1680639420,no_matches,no_matches,no_matches,no_matches
96.67,123.04,88.54%,76.37%,03 Apr 2023  20:13,1680577980,Dreams So Real,spotify:track:0taKGYMFLrCjPWd0yOlkol,81.647,"canadian indie, canadian rock, indie rock, indietronica, metropopolis, neo-synthpop"
115.12,119.92,96.08%,86.51%,03 Apr 2023  20:11,1680577860,Breathing Underwater,spotify:track:1KZjU7csKHOLRiRPBWZIJS,141.13,"canadian indie, canadian rock, indie rock, indietronica, metropopolis, neo-synthpop"
105.53,133.51,89.82%,86.94%,03 Apr 2023  20:10,1680577800,Speed The Collapse,spotify:track:4WMFaAJHpY7DtQbyYeqwz4,95.003,"canadian indie, canadian rock, indie rock, indietronica, metropopolis, neo-synthpop"
124.72,128.71,95.78%,81.49%,03 Apr 2023  20:09,1680577740,Speed The Collapse,spotify:track:4WMFaAJHpY7DtQbyYeqwz4,95.003,"canadian indie, canadian rock, indie rock, indietronica, metropopolis, neo-synthpop"
131.91,149.5,92.55%,79.84%,03 Apr 2023  20:09,1680577740,Speed The Collapse,spotify:track:4WMFaAJHpY7DtQbyYeqwz4,95.003,"canadian indie, canadian rock, indie rock, indietronica, metropopolis, neo-synthpop"
122.4,132.0,94.61%,80.63%,03 Apr 2023  18:23,1680571380,no_matches,no_matches,no_matches,no_matches
104.73,113.52,95.10%,76.43%,03 Apr 2023  16:26,1680564360,no_matches,no_matches,no_matches,no_matches
131.11,139.11,95.98%,87.89%,03 Apr 2023  15:55,1680562500,no_matches,no_matches,no_matches,no_matches
121.52,124.72,98.10%,77.57%,03 Apr 2023  15:52,1680562320,no_matches,no_matches,no_matches,no_matches
121.52,133.51,95.81%,83.64%,03 Apr 2023  08:59,1680537540,no_matches,no_matches,no_matches,no_matches
121.52,127.91,97.53%,77.52%,03 Apr 2023  08:34,1680536040,no_matches,no_matches,no_matches,no_matches
132.62,139.01,98.28%,90.66%,31 Mar 2023  22:37,1680327420,no_matches,no_matches,no_matches,no_matches
128.71,157.5,90.36%,84.81%,31 Mar 2023  14:07,1680296820,no_matches,no_matches,no_matches,no_matches
116.0,131.2,94.55%,84.08%,27 Mar 2023  16:46,1679960760,no_matches,no_matches,no_matches,no_matches
122.32,132.71,94.01%,82.38%,26 Mar 2023  18:49,1679881740,no_matches,no_matches,no_matches,no_matches
117.52,135.11,92.94%,85.71%,23 Mar 2023  10:15,1679591700,Dark Saturday,spotify:track:7hXFB9EQGSMDhRINv4iyyV,133.477,"canadian indie, canadian rock, indie rock, indietronica, metropopolis, neo-synthpop"
115.92,127.91,96.25%,84.44%,20 Mar 2023  22:28,1679376480,no_matches,no_matches,no_matches,no_matches
100.73,106.33,97.06%,74.38%,20 Mar 2023  08:12,1679325120,Sober II (Melodrama),spotify:track:54ucfuN596MU25jQD3KjCL,112.948,"art pop, metropopolis, nz pop, pop"
116.0,122.4,96.75%,85.57%,20 Mar 2023  08:12,1679325120,Sober II (Melodrama),spotify:track:54ucfuN596MU25jQD3KjCL,112.948,"art pop, metropopolis, nz pop, pop"
116.72,123.92,96.18%,82.60%,20 Mar 2023  08:11,1679325060,Sober II (Melodrama),spotify:track:54ucfuN596MU25jQD3KjCL,112.948,"art pop, metropopolis, nz pop, pop"
112.72,119.12,96.75%,74.24%,20 Mar 2023  08:11,1679325060,Sober II (Melodrama),spotify:track:54ucfuN596MU25jQD3KjCL,112.948,"art pop, metropopolis, nz pop, pop"
113.52,126.32,95.03%,85.38%,19 Mar 2023  12:05,1679252700,no_matches,no_matches,no_matches,no_matches
119.12,136.71,93.60%,84.44%,19 Mar 2023  11:04,1679249040,400 Lux,spotify:track:6rjtB7KSIiJ6v9vrACMlqF,183.991,"art pop, metropopolis, nz pop, pop"
97.6,122.4,93.55%,72.94%,19 Mar 2023  08:58,1679241480,Tornado,spotify:track:0uDxlXYLSkZXOnEps0kl2l,153.875,"alternative metal, hard rock, melodic thrash, metal, nu metal, old school thrash, rock, speed metal, thrash metal"
128.71,150.3,93.09%,90.85%,19 Mar 2023  08:58,1679241480,Tornado,spotify:track:0uDxlXYLSkZXOnEps0kl2l,153.875,"alternative metal, hard rock, melodic thrash, metal, nu metal, old school thrash, rock, speed metal, thrash metal"
106.33,123.12,91.72%,80.62%,18 Mar 2023  21:02,1679198520,Underline the Black,spotify:track:2IalHERNOUCeHMCqEbwCSs,125.03,"canadian indie, canadian rock, indie rock, indietronica, metropopolis, neo-synthpop"
129.51,145.5,93.51%,81.59%,18 Mar 2023  21:01,1679198460,Underline the Black,spotify:track:2IalHERNOUCeHMCqEbwCSs,125.03,"canadian indie, canadian rock, indie rock, indietronica, metropopolis, neo-synthpop"
119.12,129.51,97.55%,83.93%,18 Mar 2023  19:10,1679191800,For Kicks,spotify:track:15aH0Y46kj4xJBRFNxKdzu,109.985,"canadian indie, canadian rock, indie rock, indietronica, metropopolis, neo-synthpop"
121.6,138.4,94.80%,82.99%,18 Mar 2023  18:31,1679189460,no_matches,no_matches,no_matches,no_matches
120.72,131.11,96.34%,83.82%,18 Mar 2023  09:55,1679158500,no_matches,no_matches,no_matches,no_matches
112.72,117.52,96.64%,81.45%,16 Mar 2023  19:04,1679018640,no_matches,no_matches,no_matches,no_matches
105.53,128.71,85.03%,72.20%,16 Mar 2023  19:04,1679018640,no_matches,no_matches,no_matches,no_matches
122.32,139.91,93.75%,86.63%,16 Mar 2023  19:03,1679018580,no_matches,no_matches,no_matches,no_matches
121.44,133.42,96.41%,83.98%,16 Mar 2023  13:45,1678999500,no_matches,no_matches,no_matches,no_matches
123.92,136.71,94.25%,80.65%,16 Mar 2023  13:45,1678999500,no_matches,no_matches,no_matches,no_matches
127.91,142.31,96.09%,86.16%,15 Mar 2023  18:52,1678931520,no_matches,no_matches,no_matches,no_matches
111.93,126.32,93.17%,79.46%,15 Mar 2023  13:40,1678912800,no_matches,no_matches,no_matches,no_matches
129.43,129.43,98.79%,74.07%,14 Mar 2023  05:47,1678798020,no_matches,no_matches,no_matches,no_matches
122.4,142.4,94.94%,88.54%,13 Mar 2023  22:22,1678771320,no_matches,no_matches,no_matches,no_matches
135.91,146.3,96.77%,82.63%,13 Mar 2023  22:06,1678770360,no_matches,no_matches,no_matches,no_matches
105.6,119.2,94.12%,68.96%,13 Mar 2023  22:05,1678770300,no_matches,no_matches,no_matches,no_matches
121.52,137.51,94.77%,85.45%,13 Mar 2023  22:05,1678770300,no_matches,no_matches,no_matches,no_matches
116.72,132.71,92.26%,81.79%,13 Mar 2023  17:44,1678754640,no_matches,no_matches,no_matches,no_matches
99.2,148.8,82.89%,82.95%,13 Mar 2023  17:44,1678754640,no_matches,no_matches,no_matches,no_matches
127.12,140.71,91.48%,79.96%,13 Mar 2023  17:43,1678754580,no_matches,no_matches,no_matches,no_matches
127.12,127.12,100.00%,80.88%,13 Mar 2023  16:38,1678750680,no_matches,no_matches,no_matches,no_matches
98.27,124.63,90.45%,82.60%,13 Mar 2023  15:08,1678745280,no_matches,no_matches,no_matches,no_matches
111.13,127.91,95.63%,81.67%,11 Mar 2023  22:44,1678603440,Seven Rules,spotify:track:4BDHN09qCptAVZ96SSPzCu,125.051,"canadian indie, canadian rock, indie rock, indietronica, metropopolis, neo-synthpop"
137.51,143.1,96.11%,84.19%,11 Mar 2023  22:43,1678603380,Seven Rules,spotify:track:4BDHN09qCptAVZ96SSPzCu,125.051,"canadian indie, canadian rock, indie rock, indietronica, metropopolis, neo-synthpop"
112.72,142.31,85.47%,79.37%,11 Mar 2023  20:02,1678593720,no_matches,no_matches,no_matches,no_matches
126.23,140.61,94.41%,86.16%,11 Mar 2023  20:01,1678593660,no_matches,no_matches,no_matches,no_matches
113.6,128.8,92.55%,88.48%,11 Mar 2023  19:56,1678593360,no_matches,no_matches,no_matches,no_matches
115.2,115.2,100.00%,78.55%,11 Mar 2023  17:36,1678584960,no_matches,no_matches,no_matches,no_matches
108.8,123.2,94.23%,81.49%,11 Mar 2023  17:06,1678583160,no_matches,no_matches,no_matches,no_matches
128.0,133.6,98.81%,83.31%,11 Mar 2023  17:00,1678582800,no_matches,no_matches,no_matches,no_matches
65.6,88.8,84.07%,70.18%,11 Mar 2023  14:24,1678573440,no_matches,no_matches,no_matches,no_matches
127.12,127.12,100.00%,86.75%,11 Mar 2023  14:23,1678573380,no_matches,no_matches,no_matches,no_matches
135.11,137.51,98.27%,82.99%,10 Mar 2023  14:31,1678487460,no_matches,no_matches,no_matches,no_matches
111.13,118.32,96.67%,76.91%,08 Mar 2023  12:37,1678307820,no_matches,no_matches,no_matches,no_matches
120.0,120.0,98.04%,81.33%,08 Mar 2023  12:19,1678306740,no_matches,no_matches,no_matches,no_matches
124.72,129.51,96.39%,84.71%,08 Mar 2023  12:13,1678306380,no_matches,no_matches,no_matches,no_matches
118.32,127.91,95.63%,85.61%,07 Mar 2023  16:30,1678235400,no_matches,no_matches,no_matches,no_matches
118.32,122.32,98.05%,83.91%,07 Mar 2023  16:28,1678235280,no_matches,no_matches,no_matches,no_matches
131.11,136.71,97.69%,82.41%,07 Mar 2023  16:27,1678235220,no_matches,no_matches,no_matches,no_matches
126.32,136.71,95.91%,84.71%,07 Mar 2023  16:27,1678235220,no_matches,no_matches,no_matches,no_matches
119.2,125.6,98.09%,84.85%,07 Mar 2023  16:26,1678235160,no_matches,no_matches,no_matches,no_matches
126.32,126.32,97.53%,80.52%,07 Mar 2023  16:09,1678234140,no_matches,no_matches,no_matches,no_matches
124.0,125.6,95.09%,79.60%,07 Mar 2023  16:08,1678234080,no_matches,no_matches,no_matches,no_matches
118.32,128.71,95.06%,81.42%,06 Mar 2023  18:25,1678155900,no_matches,no_matches,no_matches,no_matches
123.92,135.91,96.47%,83.36%,05 Mar 2023  20:08,1678075680,no_matches,no_matches,no_matches,no_matches
111.13,131.11,90.36%,85.82%,05 Mar 2023  18:18,1678069080,no_matches,no_matches,no_matches,no_matches
115.12,130.31,95.09%,88.92%,05 Mar 2023  16:25,1678062300,no_matches,no_matches,no_matches,no_matches
111.93,116.72,98.03%,74.81%,05 Mar 2023  14:51,1678056660,no_matches,no_matches,no_matches,no_matches
123.12,127.91,98.15%,79.94%,05 Mar 2023  14:10,1678054200,no_matches,no_matches,no_matches,no_matches
126.32,130.31,97.56%,82.18%,04 Mar 2023  22:19,1677997140,no_matches,no_matches,no_matches,no_matches
103.13,107.93,94.33%,73.71%,04 Mar 2023  22:18,1677997080,no_matches,no_matches,no_matches,no_matches
137.51,142.31,98.88%,91.37%,04 Mar 2023  22:16,1677996960,no_matches,no_matches,no_matches,no_matches
107.2,137.6,90.12%,82.31%,04 Mar 2023  21:22,1677993720,no_matches,no_matches,no_matches,no_matches
124.8,145.6,93.41%,83.83%,04 Mar 2023  09:59,1677952740,no_matches,no_matches,no_matches,no_matches
132.0,135.2,98.22%,89.51%,04 Mar 2023  09:59,1677952740,no_matches,no_matches,no_matches,no_matches
111.2,132.8,92.77%,87.89%,04 Mar 2023  09:58,1677952680,no_matches,no_matches,no_matches,no_matches
100.73,129.51,84.76%,79.83%,04 Mar 2023  09:58,1677952680,no_matches,no_matches,no_matches,no_matches
109.53,115.92,95.89%,77.66%,04 Mar 2023  00:07,1677917220,Black Sheep,spotify:track:72hSmnleYTiiOo23q8ZJIS,124.014,"canadian indie, canadian rock, indie rock, indietronica, metropopolis, neo-synthpop"
115.2,128.0,96.25%,88.31%,03 Mar 2023  21:15,1677906900,no_matches,no_matches,no_matches,no_matches
127.2,133.6,97.63%,78.39%,03 Mar 2023  21:14,1677906840,no_matches,no_matches,no_matches,no_matches
125.43,139.81,96.00%,84.14%,03 Mar 2023  19:33,1677900780,Let's Fall in Love for the Night,spotify:track:6I0KEvFfWszVJiCy5hum4V,127.918,"alt z, la indie, pop, pov: indie"
116.57,130.14,93.87%,78.52%,03 Mar 2023  17:11,1677892260,A Concert Six Months From Now,spotify:track:7aDIsG4RJx4THcSEMeM01x,138.756,"alt z, la indie, pop, pov: indie"
117.52,151.9,86.91%,84.43%,02 Mar 2023  23:32,1677828720,no_matches,no_matches,no_matches,no_matches
118.32,134.31,91.23%,80.84%,01 Mar 2023  15:55,1677714900,no_matches,no_matches,no_matches,no_matches
108.8,118.4,94.67%,85.39%,28 Feb 2023  19:30,1677641400,no_matches,no_matches,no_matches,no_matches
97.53,108.73,92.86%,66.89%,28 Feb 2023  16:45,1677631500,no_matches,no_matches,no_matches,no_matches
119.92,134.31,93.60%,77.51%,28 Feb 2023  10:09,1677607740,no_matches,no_matches,no_matches,no_matches
118.32,135.11,92.40%,84.37%,27 Feb 2023  14:12,1677535920,no_matches,no_matches,no_matches,no_matches
99.13,120.72,89.54%,76.47%,25 Feb 2023  11:00,1677351600,no_matches,no_matches,no_matches,no_matches
131.91,147.9,95.14%,87.21%,24 Feb 2023  20:15,1677298500,no_matches,no_matches,no_matches,no_matches
115.92,124.72,95.57%,80.13%,24 Feb 2023  09:59,1677261540,no_matches,no_matches,no_matches,no_matches
104.73,129.51,90.80%,82.26%,24 Feb 2023  09:05,1677258300,no_matches,no_matches,no_matches,no_matches
111.2,120.8,97.37%,78.42%,24 Feb 2023  05:31,1677245460,no_matches,no_matches,no_matches,no_matches
101.6,118.4,93.96%,80.73%,24 Feb 2023  01:35,1677231300,Alligator,spotify:track:5orYDcrc0j8Wn6RCgDbSPG,120.019,"alternative emo, pov: indie"
122.32,126.32,97.50%,84.82%,24 Feb 2023  00:02,1677225720,no_matches,no_matches,no_matches,no_matches
97.53,121.52,91.50%,82.76%,23 Feb 2023  11:50,1677181800,no_matches,no_matches,no_matches,no_matches
117.6,129.6,95.12%,84.53%,21 Feb 2023  18:39,1677033540,no_matches,no_matches,no_matches,no_matches
115.12,119.92,96.71%,80.64%,21 Feb 2023  18:38,1677033480,no_matches,no_matches,no_matches,no_matches
112.8,112.8,97.93%,78.74%,21 Feb 2023  18:31,1677033060,no_matches,no_matches,no_matches,no_matches
111.2,121.6,94.16%,77.66%,21 Feb 2023  18:18,1677032280,no_matches,no_matches,no_matches,no_matches
100.0,133.6,86.47%,80.49%,21 Feb 2023  18:07,1677031620,no_matches,no_matches,no_matches,no_matches
120.8,146.4,91.85%,83.84%,21 Feb 2023  18:07,1677031620,no_matches,no_matches,no_matches,no_matches
139.2,142.4,98.88%,91.94%,21 Feb 2023  18:07,1677031620,no_matches,no_matches,no_matches,no_matches
97.6,122.4,83.85%,69.49%,21 Feb 2023  17:31,1677029460,no_matches,no_matches,no_matches,no_matches
119.92,130.31,95.76%,82.43%,20 Feb 2023  01:02,1676883720,no_matches,no_matches,no_matches,no_matches
113.52,124.72,96.15%,87.94%,20 Feb 2023  00:33,1676881980,no_matches,no_matches,no_matches,no_matches
121.52,139.91,92.57%,88.43%,19 Feb 2023  23:21,1676877660,Mood Ring,spotify:track:7rb4dcBfW0m1LQQcDCh4Hv,95.011,"art pop, metropopolis, nz pop, pop"
90.34,127.91,87.50%,83.70%,19 Feb 2023  17:08,1676855280,no_matches,no_matches,no_matches,no_matches
100.0,134.4,89.53%,82.02%,18 Feb 2023  20:40,1676781600,no_matches,no_matches,no_matches,no_matches
125.52,125.52,96.91%,84.43%,18 Feb 2023  20:40,1676781600,no_matches,no_matches,no_matches,no_matches
99.13,113.52,92.96%,83.25%,18 Feb 2023  20:28,1676780880,no_matches,no_matches,no_matches,no_matches
111.13,126.32,91.82%,81.84%,18 Feb 2023  20:21,1676780460,no_matches,no_matches,no_matches,no_matches
117.52,131.91,94.61%,85.75%,18 Feb 2023  20:20,1676780400,no_matches,no_matches,no_matches,no_matches
118.32,133.51,93.41%,85.75%,18 Feb 2023  14:32,1676759520,Sober,spotify:track:7eElVgPcxDqmgGrSwVFI74,107.901,"atl hip hop, hip hop, rap"
114.4,130.4,94.48%,83.24%,18 Feb 2023  14:31,1676759460,Perfect Places,spotify:track:7ARveOiD31w2Nq0n5FsSf8,104.41,"art pop, metropopolis, nz pop, pop"
123.2,141.6,92.66%,80.38%,18 Feb 2023  13:41,1676756460,no_matches,no_matches,no_matches,no_matches
99.93,106.33,97.76%,81.51%,18 Feb 2023  13:22,1676755320,no_matches,no_matches,no_matches,no_matches
125.52,133.51,96.43%,86.48%,18 Feb 2023  13:15,1676754900,no_matches,no_matches,no_matches,no_matches
127.91,131.91,97.01%,83.32%,18 Feb 2023  11:21,1676748060,no_matches,no_matches,no_matches,no_matches
123.92,130.31,98.16%,88.92%,18 Feb 2023  11:21,1676748060,no_matches,no_matches,no_matches,no_matches
92.74,143.1,84.44%,84.19%,18 Feb 2023  11:19,1676747940,no_matches,no_matches,no_matches,no_matches
129.51,141.51,94.92%,82.44%,18 Feb 2023  11:18,1676747880,Still Sane,spotify:track:5TRZnGsX49uCZkXxIbD7Ru,131.601,"art pop, metropopolis, nz pop, pop"
115.12,127.12,94.41%,78.63%,18 Feb 2023  11:16,1676747760,no_matches,no_matches,no_matches,no_matches
116.0,134.4,91.76%,84.66%,18 Feb 2023  11:15,1676747700,no_matches,no_matches,no_matches,no_matches
131.11,142.31,96.11%,83.06%,18 Feb 2023  10:15,1676744100,no_matches,no_matches,no_matches,no_matches
135.11,155.1,93.30%,88.54%,18 Feb 2023  08:09,1676736540,no_matches,no_matches,no_matches,no_matches
129.6,148.0,95.68%,82.32%,18 Feb 2023  07:56,1676735760,no_matches,no_matches,no_matches,no_matches
112.8,135.2,92.31%,87.25%,17 Feb 2023  21:17,1676697420,no_matches,no_matches,no_matches,no_matches
115.12,123.12,94.30%,79.83%,17 Feb 2023  19:39,1676691540,no_matches,no_matches,no_matches,no_matches
93.6,104.8,94.81%,73.40%,17 Feb 2023  19:39,1676691540,no_matches,no_matches,no_matches,no_matches
97.53,109.53,91.49%,81.86%,17 Feb 2023  18:58,1676689080,no_matches,no_matches,no_matches,no_matches
97.6,142.4,83.15%,81.57%,17 Feb 2023  15:11,1676675460,no_matches,no_matches,no_matches,no_matches
114.4,114.4,99.31%,77.24%,17 Feb 2023  06:59,1676645940,no_matches,no_matches,no_matches,no_matches
104.73,119.92,94.70%,77.50%,17 Feb 2023  06:35,1676644500,no_matches,no_matches,no_matches,no_matches
115.2,124.0,96.15%,81.16%,16 Feb 2023  17:44,1676598240,no_matches,no_matches,no_matches,no_matches
104.8,110.4,95.00%,78.69%,15 Feb 2023  19:42,1676518920,no_matches,no_matches,no_matches,no_matches
103.13,115.92,92.52%,72.57%,15 Feb 2023  19:21,1676517660,no_matches,no_matches,no_matches,no_matches
112.72,115.92,98.63%,72.83%,15 Feb 2023  18:50,1676515800,no_matches,no_matches,no_matches,no_matches
119.92,122.32,97.42%,81.08%,15 Feb 2023  18:49,1676515740,no_matches,no_matches,no_matches,no_matches
120.0,139.2,92.57%,72.07%,15 Feb 2023  18:49,1676515740,no_matches,no_matches,no_matches,no_matches
130.31,138.31,97.11%,75.71%,15 Feb 2023  18:49,1676515740,no_matches,no_matches,no_matches,no_matches
119.12,127.91,97.50%,84.44%,14 Feb 2023  23:30,1676446200,no_matches,no_matches,no_matches,no_matches
123.92,135.11,95.38%,78.56%,13 Feb 2023  19:45,1676346300,no_matches,no_matches,no_matches,no_matches
104.0,127.2,90.00%,81.35%,11 Feb 2023  21:24,1676179440,no_matches,no_matches,no_matches,no_matches
102.86,132.36,86.47%,81.31%,11 Feb 2023  21:24,1676179440,no_matches,no_matches,no_matches,no_matches
124.0,132.8,96.99%,80.63%,11 Feb 2023  09:13,1676135580,no_matches,no_matches,no_matches,no_matches
130.4,136.8,98.25%,84.37%,10 Feb 2023  15:47,1676072820,no_matches,no_matches,no_matches,no_matches
111.2,115.2,95.95%,76.63%,09 Feb 2023  16:57,1675990620,no_matches,no_matches,no_matches,no_matches
116.72,116.72,100.00%,86.23%,09 Feb 2023  15:12,1675984320,no_matches,no_matches,no_matches,no_matches
100.0,100.0,99.21%,65.29%,09 Feb 2023  15:12,1675984320,no_matches,no_matches,no_matches,no_matches
99.93,99.93,100.00%,83.80%,09 Feb 2023  15:09,1675984140,no_matches,no_matches,no_matches,no_matches
104.0,131.2,85.29%,73.30%,09 Feb 2023  15:08,1675984080,no_matches,no_matches,no_matches,no_matches
94.34,145.5,78.80%,79.28%,09 Feb 2023  15:08,1675984080,no_matches,no_matches,no_matches,no_matches
113.45,128.63,95.03%,86.62%,08 Feb 2023  21:45,1675921500,no_matches,no_matches,no_matches,no_matches
107.93,115.92,95.21%,65.53%,08 Feb 2023  21:44,1675921440,no_matches,no_matches,no_matches,no_matches
121.52,144.7,91.71%,88.10%,08 Feb 2023  14:30,1675895400,no_matches,no_matches,no_matches,no_matches
135.2,156.0,93.85%,91.12%,08 Feb 2023  14:29,1675895340,no_matches,no_matches,no_matches,no_matches
123.2,132.0,98.18%,83.74%,07 Feb 2023  17:39,1675820340,no_matches,no_matches,no_matches,no_matches
108.8,140.0,86.93%,80.45%,07 Feb 2023  17:36,1675820160,no_matches,no_matches,no_matches,no_matches
123.2,136.8,92.49%,83.59%,06 Feb 2023  20:41,1675744860,no_matches,no_matches,no_matches,no_matches
112.72,134.31,92.86%,86.48%,06 Feb 2023  20:40,1675744800,no_matches,no_matches,no_matches,no_matches
109.53,157.5,84.26%,84.81%,06 Feb 2023  20:39,1675744740,no_matches,no_matches,no_matches,no_matches
109.53,121.52,96.05%,87.07%,06 Feb 2023  19:03,1675738980,no_matches,no_matches,no_matches,no_matches
81.6,108.8,87.59%,74.76%,05 Feb 2023  22:49,1675666140,no_matches,no_matches,no_matches,no_matches
108.8,116.8,95.95%,81.18%,05 Feb 2023  22:49,1675666140,no_matches,no_matches,no_matches,no_matches
104.73,122.32,92.90%,82.10%,05 Feb 2023  21:58,1675663080,no_matches,no_matches,no_matches,no_matches
117.52,117.52,100.00%,86.99%,05 Feb 2023  21:40,1675662000,no_matches,no_matches,no_matches,no_matches
115.12,119.92,96.71%,77.54%,05 Feb 2023  21:39,1675661940,no_matches,no_matches,no_matches,no_matches
111.13,121.52,96.10%,85.14%,05 Feb 2023  21:03,1675659780,no_matches,no_matches,no_matches,no_matches
103.93,117.52,93.24%,84.36%,04 Feb 2023  16:26,1675556760,no_matches,no_matches,no_matches,no_matches
114.32,119.12,95.45%,73.28%,04 Feb 2023  15:11,1675552260,no_matches,no_matches,no_matches,no_matches
115.12,123.92,93.08%,74.04%,04 Feb 2023  15:10,1675552200,no_matches,no_matches,no_matches,no_matches
119.2,119.2,96.15%,77.03%,03 Feb 2023  17:25,1675473900,no_matches,no_matches,no_matches,no_matches
126.32,136.71,97.08%,82.51%,03 Feb 2023  17:13,1675473180,no_matches,no_matches,no_matches,no_matches
111.2,119.2,95.36%,79.98%,03 Feb 2023  17:12,1675473120,no_matches,no_matches,no_matches,no_matches
104.73,104.73,99.24%,82.30%,02 Feb 2023  18:43,1675392180,no_matches,no_matches,no_matches,no_matches
109.6,116.8,96.60%,83.25%,02 Feb 2023  18:39,1675391940,no_matches,no_matches,no_matches,no_matches
94.34,106.33,92.09%,73.43%,02 Feb 2023  18:39,1675391940,no_matches,no_matches,no_matches,no_matches
119.92,124.72,96.86%,83.92%,02 Feb 2023  18:38,1675391880,no_matches,no_matches,no_matches,no_matches
109.6,122.4,94.84%,82.45%,02 Feb 2023  18:24,1675391040,no_matches,no_matches,no_matches,no_matches
109.6,124.0,90.45%,77.43%,02 Feb 2023  18:24,1675391040,no_matches,no_matches,no_matches,no_matches
123.12,127.91,96.30%,82.05%,02 Feb 2023  18:23,1675390980,no_matches,no_matches,no_matches,no_matches
127.83,135.82,97.06%,83.68%,02 Feb 2023  18:22,1675390920,no_matches,no_matches,no_matches,no_matches
117.52,122.32,97.40%,81.02%,02 Feb 2023  18:21,1675390860,no_matches,no_matches,no_matches,no_matches
99.93,125.52,91.19%,76.69%,02 Feb 2023  16:57,1675385820,no_matches,no_matches,no_matches,no_matches
110.4,115.2,97.92%,84.88%,01 Feb 2023  23:13,1675321980,no_matches,no_matches,no_matches,no_matches
124.72,127.91,98.14%,83.52%,01 Feb 2023  20:36,1675312560,no_matches,no_matches,no_matches,no_matches
113.52,118.32,97.32%,84.64%,01 Feb 2023  19:12,1675307520,no_matches,no_matches,no_matches,no_matches
112.72,128.71,90.36%,77.03%,31 Jan 2023  19:09,1675220940,no_matches,no_matches,no_matches,no_matches
113.52,122.32,96.08%,85.15%,30 Jan 2023  22:38,1675147080,no_matches,no_matches,no_matches,no_matches
115.12,123.92,92.99%,82.60%,30 Jan 2023  14:52,1675119120,no_matches,no_matches,no_matches,no_matches
118.32,136.71,94.19%,85.81%,30 Jan 2023  14:41,1675118460,no_matches,no_matches,no_matches,no_matches
114.32,124.72,97.44%,81.49%,30 Jan 2023  14:28,1675117680,no_matches,no_matches,no_matches,no_matches
108.0,127.2,94.38%,84.07%,29 Jan 2023  21:40,1675057200,no_matches,no_matches,no_matches,no_matches
126.32,131.11,96.99%,85.82%,28 Jan 2023  22:13,1674972780,no_matches,no_matches,no_matches,no_matches
129.51,134.31,97.02%,86.88%,28 Jan 2023  22:12,1674972720,no_matches,no_matches,no_matches,no_matches
131.11,144.7,93.96%,82.75%,27 Jan 2023  21:44,1674884640,no_matches,no_matches,no_matches,no_matches
119.92,123.92,96.20%,78.11%,27 Jan 2023  18:30,1674873000,no_matches,no_matches,no_matches,no_matches
123.92,131.91,97.01%,85.02%,27 Jan 2023  17:53,1674870780,no_matches,no_matches,no_matches,no_matches
122.32,131.11,96.36%,82.43%,27 Jan 2023  17:53,1674870780,no_matches,no_matches,no_matches,no_matches
110.4,133.6,91.72%,81.82%,26 Jan 2023  21:35,1674797700,no_matches,no_matches,no_matches,no_matches
131.91,135.91,98.82%,89.98%,26 Jan 2023  21:34,1674797640,no_matches,no_matches,no_matches,no_matches
114.25,114.25,98.62%,86.04%,26 Jan 2023  20:33,1674793980,no_matches,no_matches,no_matches,no_matches
100.73,111.93,93.66%,78.57%,26 Jan 2023  20:32,1674793920,no_matches,no_matches,no_matches,no_matches
106.33,117.52,95.92%,84.55%,26 Jan 2023  17:57,1674784620,no_matches,no_matches,no_matches,no_matches
110.33,110.33,97.87%,62.19%,26 Jan 2023  17:51,1674784260,no_matches,no_matches,no_matches,no_matches
107.06,118.24,95.33%,82.87%,26 Jan 2023  17:23,1674782580,no_matches,no_matches,no_matches,no_matches
107.2,119.2,94.67%,81.03%,26 Jan 2023  16:14,1674778440,no_matches,no_matches,no_matches,no_matches
104.73,127.12,89.38%,81.04%,23 Jan 2023  18:12,1674526320,no_matches,no_matches,no_matches,no_matches
124.72,131.11,97.58%,82.12%,23 Jan 2023  16:27,1674520020,no_matches,no_matches,no_matches,no_matches
112.0,122.4,90.00%,69.26%,22 Jan 2023  21:07,1674450420,no_matches,no_matches,no_matches,no_matches
119.12,142.31,92.70%,88.14%,22 Jan 2023  20:53,1674449580,no_matches,no_matches,no_matches,no_matches
119.92,136.71,91.33%,82.70%,22 Jan 2023  20:53,1674449580,no_matches,no_matches,no_matches,no_matches
126.32,131.91,95.83%,82.08%,22 Jan 2023  20:52,1674449520,no_matches,no_matches,no_matches,no_matches
119.12,124.72,96.86%,77.73%,22 Jan 2023  18:47,1674442020,no_matches,no_matches,no_matches,no_matches
110.4,117.6,95.30%,72.14%,21 Jan 2023  20:14,1674360840,no_matches,no_matches,no_matches,no_matches
123.12,129.51,95.12%,77.73%,21 Jan 2023  18:56,1674356160,no_matches,no_matches,no_matches,no_matches
99.2,128.0,90.00%,88.31%,21 Jan 2023  17:03,1674349380,no_matches,no_matches,no_matches,no_matches
120.72,120.72,98.05%,80.05%,21 Jan 2023  17:03,1674349380,no_matches,no_matches,no_matches,no_matches
129.6,142.4,96.09%,81.02%,21 Jan 2023  14:12,1674339120,no_matches,no_matches,no_matches,no_matches
106.4,120.0,91.03%,76.50%,21 Jan 2023  10:25,1674325500,no_matches,no_matches,no_matches,no_matches
104.73,111.13,94.37%,81.56%,21 Jan 2023  09:44,1674323040,no_matches,no_matches,no_matches,no_matches
103.2,118.4,92.00%,79.67%,21 Jan 2023  09:20,1674321600,no_matches,no_matches,no_matches,no_matches
131.2,140.0,95.45%,82.82%,20 Jan 2023  22:07,1674281220,no_matches,no_matches,no_matches,no_matches
84.74,107.93,86.43%,66.20%,20 Jan 2023  21:40,1674279600,no_matches,no_matches,no_matches,no_matches
116.8,120.8,97.39%,69.80%,20 Jan 2023  21:09,1674277740,no_matches,no_matches,no_matches,no_matches
107.2,107.2,98.53%,79.28%,20 Jan 2023  19:59,1674273540,no_matches,no_matches,no_matches,no_matches
104.8,110.4,97.14%,83.10%,20 Jan 2023  19:53,1674273180,no_matches,no_matches,no_matches,no_matches
104.8,116.8,91.89%,80.12%,20 Jan 2023  19:48,1674272880,no_matches,no_matches,no_matches,no_matches
120.8,135.2,94.67%,87.25%,20 Jan 2023  19:34,1674272040,no_matches,no_matches,no_matches,no_matches
106.33,123.12,92.95%,80.20%,19 Jan 2023  19:46,1674186360,no_matches,no_matches,no_matches,no_matches
121.44,121.44,98.08%,76.76%,19 Jan 2023  18:31,1674181860,no_matches,no_matches,no_matches,no_matches
112.8,119.2,98.00%,79.02%,19 Jan 2023  17:46,1674179160,no_matches,no_matches,no_matches,no_matches
110.4,119.2,94.08%,82.03%,19 Jan 2023  17:44,1674179040,no_matches,no_matches,no_matches,no_matches
109.6,113.6,95.89%,80.34%,19 Jan 2023  17:19,1674177540,no_matches,no_matches,no_matches,no_matches
97.6,119.2,88.16%,79.98%,19 Jan 2023  00:27,1674116820,no_matches,no_matches,no_matches,no_matches
122.32,127.91,98.75%,81.04%,18 Jan 2023  23:32,1674113520,no_matches,no_matches,no_matches,no_matches
99.2,129.6,86.14%,77.03%,18 Jan 2023  23:17,1674112620,no_matches,no_matches,no_matches,no_matches
113.6,128.8,95.06%,82.05%,18 Jan 2023  19:41,1674099660,no_matches,no_matches,no_matches,no_matches
108.73,135.91,91.86%,82.60%,18 Jan 2023  18:07,1674094020,no_matches,no_matches,no_matches,no_matches
117.52,125.52,97.47%,81.70%,17 Jan 2023  22:56,1674024960,no_matches,no_matches,no_matches,no_matches
111.2,122.4,94.87%,76.76%,17 Jan 2023  22:54,1674024840,no_matches,no_matches,no_matches,no_matches
109.53,114.32,95.89%,81.07%,17 Jan 2023  22:47,1674024420,no_matches,no_matches,no_matches,no_matches
125.52,131.11,98.18%,84.08%,17 Jan 2023  22:46,1674024360,no_matches,no_matches,no_matches,no_matches
91.14,101.53,88.97%,66.20%,17 Jan 2023  21:21,1674019260,no_matches,no_matches,no_matches,no_matches
100.8,122.4,93.51%,78.23%,17 Jan 2023  21:04,1674018240,no_matches,no_matches,no_matches,no_matches
101.6,115.2,90.48%,76.38%,17 Jan 2023  19:03,1674010980,no_matches,no_matches,no_matches,no_matches
110.4,120.8,94.16%,78.52%,17 Jan 2023  19:02,1674010920,no_matches,no_matches,no_matches,no_matches
116.8,126.4,95.03%,81.22%,17 Jan 2023  19:02,1674010920,no_matches,no_matches,no_matches,no_matches
106.33,118.32,93.38%,69.55%,17 Jan 2023  18:41,1674009660,no_matches,no_matches,no_matches,no_matches
126.32,145.5,94.05%,82.07%,17 Jan 2023  18:14,1674008040,no_matches,no_matches,no_matches,no_matches
123.2,133.6,95.81%,79.03%,17 Jan 2023  17:42,1674006120,no_matches,no_matches,no_matches,no_matches
106.4,128.8,85.54%,75.87%,17 Jan 2023  00:06,1673942760,no_matches,no_matches,no_matches,no_matches
114.4,119.2,95.42%,77.30%,16 Jan 2023  20:18,1673929080,no_matches,no_matches,no_matches,no_matches
122.4,140.8,94.32%,86.99%,16 Jan 2023  19:48,1673927280,no_matches,no_matches,no_matches,no_matches
121.52,126.32,96.32%,84.65%,16 Jan 2023  19:47,1673927220,no_matches,no_matches,no_matches,no_matches
106.33,132.71,87.50%,80.66%,16 Jan 2023  19:46,1673927160,no_matches,no_matches,no_matches,no_matches
108.8,122.4,90.06%,77.57%,16 Jan 2023  19:46,1673927160,no_matches,no_matches,no_matches,no_matches
128.0,132.8,97.02%,77.13%,16 Jan 2023  19:45,1673927100,no_matches,no_matches,no_matches,no_matches
103.13,123.92,90.51%,76.02%,16 Jan 2023  19:44,1673927040,no_matches,no_matches,no_matches,no_matches
115.12,115.12,97.96%,74.13%,16 Jan 2023  19:44,1673927040,no_matches,no_matches,no_matches,no_matches
134.4,145.6,96.17%,81.02%,16 Jan 2023  19:37,1673926620,no_matches,no_matches,no_matches,no_matches
112.0,131.2,95.15%,78.49%,15 Jan 2023  22:01,1673848860,no_matches,no_matches,no_matches,no_matches
114.4,132.8,92.22%,82.38%,15 Jan 2023  21:36,1673847360,no_matches,no_matches,no_matches,no_matches
120.0,136.8,91.33%,83.29%,15 Jan 2023  21:05,1673845500,no_matches,no_matches,no_matches,no_matches
112.8,116.8,96.00%,80.34%,15 Jan 2023  20:08,1673842080,no_matches,no_matches,no_matches,no_matches
123.2,132.0,95.81%,75.49%,15 Jan 2023  20:07,1673842020,no_matches,no_matches,no_matches,no_matches
124.8,137.6,94.80%,84.21%,15 Jan 2023  20:07,1673842020,no_matches,no_matches,no_matches,no_matches
121.6,127.2,96.88%,84.07%,15 Jan 2023  19:48,1673840880,no_matches,no_matches,no_matches,no_matches
91.2,112.0,87.16%,79.78%,15 Jan 2023  14:40,1673822400,no_matches,no_matches,no_matches,no_matches
111.13,122.32,94.12%,88.02%,15 Jan 2023  14:32,1673821920,no_matches,no_matches,no_matches,no_matches
119.2,124.0,98.06%,78.90%,15 Jan 2023  14:31,1673821860,no_matches,no_matches,no_matches,no_matches
119.2,125.6,97.48%,84.67%,15 Jan 2023  10:46,1673808360,no_matches,no_matches,no_matches,no_matches
107.13,121.52,94.77%,88.02%,15 Jan 2023  10:09,1673806140,no_matches,no_matches,no_matches,no_matches
118.32,124.72,95.51%,83.24%,15 Jan 2023  10:09,1673806140,no_matches,no_matches,no_matches,no_matches
115.92,124.72,92.50%,72.90%,15 Jan 2023  10:08,1673806080,no_matches,no_matches,no_matches,no_matches
124.0,133.6,95.24%,79.59%,15 Jan 2023  09:49,1673804940,no_matches,no_matches,no_matches,no_matches
115.92,122.32,98.69%,84.73%,14 Jan 2023  19:35,1673753700,no_matches,no_matches,no_matches,no_matches
100.0,112.8,92.25%,87.28%,14 Jan 2023  19:20,1673752800,no_matches,no_matches,no_matches,no_matches
106.4,121.6,94.81%,76.28%,14 Jan 2023  18:12,1673748720,no_matches,no_matches,no_matches,no_matches
118.32,133.51,97.01%,86.53%,14 Jan 2023  18:11,1673748660,no_matches,no_matches,no_matches,no_matches
118.4,129.6,93.90%,86.04%,14 Jan 2023  17:12,1673745120,no_matches,no_matches,no_matches,no_matches
132.8,160.0,91.00%,87.55%,14 Jan 2023  17:11,1673745060,no_matches,no_matches,no_matches,no_matches
113.6,123.2,94.27%,78.82%,12 Jan 2023  21:25,1673587500,no_matches,no_matches,no_matches,no_matches
125.52,135.11,94.22%,80.01%,12 Jan 2023  21:19,1673587140,no_matches,no_matches,no_matches,no_matches
117.6,132.0,93.37%,75.43%,12 Jan 2023  21:19,1673587140,no_matches,no_matches,no_matches,no_matches
129.6,138.4,96.55%,85.30%,12 Jan 2023  21:11,1673586660,no_matches,no_matches,no_matches,no_matches
103.13,119.92,92.72%,78.10%,12 Jan 2023  20:35,1673584500,no_matches,no_matches,no_matches,no_matches
109.53,122.32,93.59%,72.40%,12 Jan 2023  20:34,1673584440,no_matches,no_matches,no_matches,no_matches
100.8,107.2,95.59%,85.78%,11 Jan 2023  21:34,1673501640,no_matches,no_matches,no_matches,no_matches
106.4,121.6,94.16%,80.05%,11 Jan 2023  20:04,1673496240,no_matches,no_matches,no_matches,no_matches
116.0,128.0,94.48%,85.02%,11 Jan 2023  19:33,1673494380,no_matches,no_matches,no_matches,no_matches
132.0,138.4,98.84%,86.62%,11 Jan 2023  15:34,1673480040,no_matches,no_matches,no_matches,no_matches
112.72,129.51,93.83%,84.07%,08 Jan 2023  18:27,1673231220,no_matches,no_matches,no_matches,no_matches
115.92,132.71,95.18%,83.35%,08 Jan 2023  18:27,1673231220,no_matches,no_matches,no_matches,no_matches
139.11,143.1,98.32%,92.85%,08 Jan 2023  18:24,1673231040,no_matches,no_matches,no_matches,no_matches
111.93,126.32,92.59%,78.04%,08 Jan 2023  14:09,1673215740,no_matches,no_matches,no_matches,no_matches
127.12,132.71,97.60%,83.64%,08 Jan 2023  14:09,1673215740,no_matches,no_matches,no_matches,no_matches
120.72,139.11,92.00%,82.39%,08 Jan 2023  14:08,1673215680,no_matches,no_matches,no_matches,no_matches
112.8,128.8,92.68%,85.26%,07 Jan 2023  19:12,1673147520,no_matches,no_matches,no_matches,no_matches
120.0,120.0,99.34%,76.41%,07 Jan 2023  19:12,1673147520,no_matches,no_matches,no_matches,no_matches
123.92,138.31,95.38%,81.85%,07 Jan 2023  17:17,1673140620,no_matches,no_matches,no_matches,no_matches
126.32,131.11,98.17%,84.89%,07 Jan 2023  17:16,1673140560,no_matches,no_matches,no_matches,no_matches
118.32,125.52,95.57%,84.16%,07 Jan 2023  17:16,1673140560,no_matches,no_matches,no_matches,no_matches
112.0,122.4,93.63%,75.37%,07 Jan 2023  15:18,1673133480,no_matches,no_matches,no_matches,no_matches
105.53,118.32,95.33%,80.00%,07 Jan 2023  12:05,1673121900,no_matches,no_matches,no_matches,no_matches
104.0,124.0,89.63%,69.86%,07 Jan 2023  12:05,1673121900,no_matches,no_matches,no_matches,no_matches
100.73,113.52,93.10%,71.82%,07 Jan 2023  09:31,1673112660,no_matches,no_matches,no_matches,no_matches
118.32,132.71,93.45%,85.71%,06 Jan 2023  20:00,1673064000,no_matches,no_matches,no_matches,no_matches
112.0,116.0,96.64%,73.37%,04 Jan 2023  19:58,1672891080,no_matches,no_matches,no_matches,no_matches
132.71,132.71,100.00%,88.83%,03 Jan 2023  18:22,1672798920,no_matches,no_matches,no_matches,no_matches
113.6,118.4,96.67%,84.51%,02 Jan 2023  23:41,1672731660,no_matches,no_matches,no_matches,no_matches
114.32,125.52,95.54%,87.98%,02 Jan 2023  22:50,1672728600,no_matches,no_matches,no_matches,no_matches
123.12,125.52,96.91%,80.23%,02 Jan 2023  22:49,1672728540,no_matches,no_matches,no_matches,no_matches
116.72,133.51,94.61%,81.49%,02 Jan 2023  20:24,1672719840,no_matches,no_matches,no_matches,no_matches
111.2,126.4,93.25%,69.79%,02 Jan 2023  20:24,1672719840,no_matches,no_matches,no_matches,no_matches
121.52,147.9,90.91%,80.60%,02 Jan 2023  16:06,1672704360,no_matches,no_matches,no_matches,no_matches
128.0,128.0,100.00%,81.04%,02 Jan 2023  16:04,1672704240,no_matches,no_matches,no_matches,no_matches
121.52,131.91,95.18%,86.21%,01 Jan 2023  19:36,1672630560,no_matches,no_matches,no_matches,no_matches
130.31,139.91,95.43%,85.43%,01 Jan 2023  19:35,1672630500,no_matches,no_matches,no_matches,no_matches
99.2,116.0,90.48%,73.08%,01 Jan 2023  11:21,1672600860,no_matches,no_matches,no_matches,no_matches
103.86,131.82,90.91%,88.99%,01 Jan 2023  11:20,1672600800,no_matches,no_matches,no_matches,no_matches
115.12,128.71,92.73%,73.45%,01 Jan 2023  11:20,1672600800,no_matches,no_matches,no_matches,no_matches
117.6,127.2,95.06%,82.37%,01 Jan 2023  11:20,1672600800,no_matches,no_matches,no_matches,no_matches
107.13,118.32,95.33%,81.03%,31 Dec 2022  18:09,1672538940,no_matches,no_matches,no_matches,no_matches
120.8,124.0,97.45%,81.58%,31 Dec 2022  18:07,1672538820,no_matches,no_matches,no_matches,no_matches
105.6,120.8,90.20%,73.40%,31 Dec 2022  18:07,1672538820,no_matches,no_matches,no_matches,no_matches
111.2,124.0,90.74%,72.08%,31 Dec 2022  18:07,1672538820,no_matches,no_matches,no_matches,no_matches
122.4,131.2,93.41%,79.82%,31 Dec 2022  15:41,1672530060,no_matches,no_matches,no_matches,no_matches
126.4,146.4,95.08%,86.89%,31 Dec 2022  14:42,1672526520,no_matches,no_matches,no_matches,no_matches
125.52,133.51,95.81%,79.03%,31 Dec 2022  12:16,1672517760,no_matches,no_matches,no_matches,no_matches
112.0,144.0,91.67%,81.24%,30 Dec 2022  19:16,1672456560,no_matches,no_matches,no_matches,no_matches
125.52,138.31,94.80%,87.39%,30 Dec 2022  19:15,1672456500,no_matches,no_matches,no_matches,no_matches
133.6,138.4,97.11%,82.70%,30 Dec 2022  19:15,1672456500,no_matches,no_matches,no_matches,no_matches
125.6,136.8,93.57%,84.05%,30 Dec 2022  19:14,1672456440,no_matches,no_matches,no_matches,no_matches
120.8,145.6,89.56%,91.56%,30 Dec 2022  17:43,1672450980,no_matches,no_matches,no_matches,no_matches
116.0,120.0,98.00%,84.08%,29 Dec 2022  17:03,1672362180,no_matches,no_matches,no_matches,no_matches
111.2,136.0,91.76%,81.87%,29 Dec 2022  17:03,1672362180,no_matches,no_matches,no_matches,no_matches
114.4,133.6,91.62%,86.53%,29 Dec 2022  17:02,1672362120,no_matches,no_matches,no_matches,no_matches
121.52,137.51,93.64%,78.10%,29 Dec 2022  17:02,1672362120,no_matches,no_matches,no_matches,no_matches
124.8,134.4,95.83%,82.69%,29 Dec 2022  15:54,1672358040,no_matches,no_matches,no_matches,no_matches
123.92,130.31,98.16%,83.93%,29 Dec 2022  11:47,1672343220,no_matches,no_matches,no_matches,no_matches
96.0,129.6,87.43%,72.20%,29 Dec 2022  11:41,1672342860,no_matches,no_matches,no_matches,no_matches
111.93,127.12,91.88%,71.23%,27 Dec 2022  20:25,1672201500,no_matches,no_matches,no_matches,no_matches
131.91,143.1,95.53%,85.50%,27 Dec 2022  20:25,1672201500,no_matches,no_matches,no_matches,no_matches
115.2,119.2,97.33%,78.71%,27 Dec 2022  17:55,1672192500,no_matches,no_matches,no_matches,no_matches
127.91,131.91,97.59%,83.03%,27 Dec 2022  17:55,1672192500,no_matches,no_matches,no_matches,no_matches
112.72,123.12,96.10%,86.47%,27 Dec 2022  15:36,1672184160,no_matches,no_matches,no_matches,no_matches
125.6,125.6,100.00%,85.67%,27 Dec 2022  15:35,1672184100,no_matches,no_matches,no_matches,no_matches
85.54,121.52,86.93%,84.31%,27 Dec 2022  15:32,1672183920,no_matches,no_matches,no_matches,no_matches
107.13,130.31,90.80%,85.80%,27 Dec 2022  15:31,1672183860,no_matches,no_matches,no_matches,no_matches
120.72,136.71,94.74%,85.39%,27 Dec 2022  15:30,1672183800,no_matches,no_matches,no_matches,no_matches
91.94,123.92,84.91%,80.57%,27 Dec 2022  15:28,1672183680,no_matches,no_matches,no_matches,no_matches
116.64,130.23,95.12%,83.82%,27 Dec 2022  15:28,1672183680,no_matches,no_matches,no_matches,no_matches
109.6,129.6,91.46%,85.65%,27 Dec 2022  15:27,1672183620,no_matches,no_matches,no_matches,no_matches
117.52,136.71,91.81%,86.49%,27 Dec 2022  15:26,1672183560,no_matches,no_matches,no_matches,no_matches
123.2,136.8,94.77%,82.89%,27 Dec 2022  15:25,1672183500,no_matches,no_matches,no_matches,no_matches
111.13,126.32,93.04%,84.16%,27 Dec 2022  15:25,1672183500,no_matches,no_matches,no_matches,no_matches
114.32,122.32,97.39%,88.57%,27 Dec 2022  15:24,1672183440,no_matches,no_matches,no_matches,no_matches
117.52,132.71,91.67%,79.33%,27 Dec 2022  15:23,1672183380,no_matches,no_matches,no_matches,no_matches
108.73,115.92,94.59%,79.11%,27 Dec 2022  12:19,1672172340,no_matches,no_matches,no_matches,no_matches
118.32,125.52,95.63%,86.89%,27 Dec 2022  09:54,1672163640,no_matches,no_matches,no_matches,no_matches
122.4,128.0,96.30%,79.10%,27 Dec 2022  09:52,1672163520,no_matches,no_matches,no_matches,no_matches
110.4,125.6,91.19%,79.68%,27 Dec 2022  09:52,1672163520,no_matches,no_matches,no_matches,no_matches
107.13,107.13,97.81%,74.76%,27 Dec 2022  09:52,1672163520,no_matches,no_matches,no_matches,no_matches
109.53,122.32,92.36%,77.97%,27 Dec 2022  09:51,1672163460,no_matches,no_matches,no_matches,no_matches
114.32,139.91,91.48%,83.40%,27 Dec 2022  09:50,1672163400,no_matches,no_matches,no_matches,no_matches
106.4,114.4,95.17%,72.85%,27 Dec 2022  00:02,1672128120,Mean It,spotify:track:5IyuGEmlFsnp1TN1M9OSd8,123.078,pop
110.33,126.32,93.13%,82.32%,26 Dec 2022  17:55,1672106100,no_matches,no_matches,no_matches,no_matches
117.52,138.31,94.80%,88.21%,26 Dec 2022  14:38,1672094280,no_matches,no_matches,no_matches,no_matches
105.53,110.33,97.12%,81.32%,26 Dec 2022  14:37,1672094220,no_matches,no_matches,no_matches,no_matches
113.52,135.11,91.81%,80.84%,26 Dec 2022  14:36,1672094160,no_matches,no_matches,no_matches,no_matches
111.2,144.0,92.22%,85.41%,26 Dec 2022  12:12,1672085520,no_matches,no_matches,no_matches,no_matches
97.6,97.6,100.00%,83.90%,25 Dec 2022  19:12,1672024320,no_matches,no_matches,no_matches,no_matches
108.73,119.12,91.61%,71.15%,25 Dec 2022  19:10,1672024200,no_matches,no_matches,no_matches,no_matches
112.72,161.49,85.15%,83.10%,25 Dec 2022  19:09,1672024140,no_matches,no_matches,no_matches,no_matches
105.6,126.4,89.87%,73.63%,25 Dec 2022  15:52,1672012320,no_matches,no_matches,no_matches,no_matches
88.8,108.8,90.44%,82.69%,24 Dec 2022  00:43,1671871380,The Man with the Axe,spotify:track:2H5Jd3hSCXChjPMrkn3vEH,78.053,"art pop, metropopolis, nz pop, pop"
110.33,126.32,93.08%,80.88%,23 Dec 2022  23:42,1671867720,Hold No Grudge - Bonus Track,spotify:track:188rKyWMsC4WsKKZ85lnUO,154.944,"art pop, metropopolis, nz pop, pop"
112.72,137.51,87.21%,90.00%,23 Dec 2022  14:41,1671835260,no_matches,no_matches,no_matches,no_matches
119.92,135.11,94.12%,83.68%,23 Dec 2022  14:38,1671835080,no_matches,no_matches,no_matches,no_matches
100.73,140.71,83.62%,85.10%,23 Dec 2022  14:38,1671835080,no_matches,no_matches,no_matches,no_matches
115.12,133.51,95.27%,84.98%,23 Dec 2022  14:37,1671835020,no_matches,no_matches,no_matches,no_matches
107.93,144.7,87.29%,80.99%,23 Dec 2022  14:37,1671835020,no_matches,no_matches,no_matches,no_matches
137.51,147.1,96.20%,84.69%,23 Dec 2022  14:35,1671834900,no_matches,no_matches,no_matches,no_matches
118.32,125.52,96.84%,80.74%,23 Dec 2022  14:34,1671834840,no_matches,no_matches,no_matches,no_matches
111.2,128.0,91.57%,74.77%,23 Dec 2022  14:34,1671834840,no_matches,no_matches,no_matches,no_matches
127.91,148.7,93.55%,88.67%,23 Dec 2022  13:11,1671829860,no_matches,no_matches,no_matches,no_matches
92.74,105.53,95.45%,79.59%,22 Dec 2022  11:10,1671736200,no_matches,no_matches,no_matches,no_matches
115.92,141.51,90.45%,83.18%,22 Dec 2022  11:06,1671735960,no_matches,no_matches,no_matches,no_matches
115.92,130.31,95.09%,86.20%,22 Dec 2022  11:06,1671735960,no_matches,no_matches,no_matches,no_matches
107.2,120.0,93.46%,75.15%,22 Dec 2022  11:04,1671735840,no_matches,no_matches,no_matches,no_matches
107.2,140.0,87.43%,86.84%,22 Dec 2022  11:04,1671735840,no_matches,no_matches,no_matches,no_matches
127.12,147.1,89.30%,87.62%,22 Dec 2022  11:04,1671735840,no_matches,no_matches,no_matches,no_matches
123.92,139.11,95.40%,86.72%,22 Dec 2022  11:01,1671735660,no_matches,no_matches,no_matches,no_matches
104.8,141.6,83.80%,79.83%,22 Dec 2022  11:01,1671735660,no_matches,no_matches,no_matches,no_matches
110.4,122.4,93.63%,80.62%,22 Dec 2022  11:00,1671735600,no_matches,no_matches,no_matches,no_matches
110.4,123.2,96.10%,88.49%,22 Dec 2022  10:38,1671734280,no_matches,no_matches,no_matches,no_matches
114.32,125.52,91.88%,75.39%,21 Dec 2022  22:53,1671691980,no_matches,no_matches,no_matches,no_matches
108.8,135.2,92.90%,76.75%,21 Dec 2022  18:53,1671677580,no_matches,no_matches,no_matches,no_matches
109.53,125.52,89.81%,81.26%,21 Dec 2022  18:53,1671677580,no_matches,no_matches,no_matches,no_matches
114.32,125.52,96.18%,88.50%,21 Dec 2022  17:15,1671671700,no_matches,no_matches,no_matches,no_matches
112.72,121.52,94.74%,83.15%,21 Dec 2022  17:06,1671671160,no_matches,no_matches,no_matches,no_matches
104.73,119.12,92.05%,86.20%,21 Dec 2022  16:25,1671668700,no_matches,no_matches,no_matches,no_matches
106.4,106.4,100.00%,77.12%,21 Dec 2022  16:24,1671668640,no_matches,no_matches,no_matches,no_matches
111.93,115.92,98.62%,80.86%,21 Dec 2022  16:23,1671668580,no_matches,no_matches,no_matches,no_matches
129.51,145.5,91.85%,83.30%,21 Dec 2022  16:20,1671668400,no_matches,no_matches,no_matches,no_matches
117.6,136.8,92.98%,88.54%,21 Dec 2022  15:49,1671666540,no_matches,no_matches,no_matches,no_matches
108.8,117.6,96.60%,85.00%,21 Dec 2022  14:11,1671660660,no_matches,no_matches,no_matches,no_matches
118.4,127.2,95.03%,86.19%,21 Dec 2022  14:10,1671660600,no_matches,no_matches,no_matches,no_matches
102.4,111.2,93.62%,78.79%,21 Dec 2022  01:05,1671613500,Secrets from a Girl (Who's Seen it All),spotify:track:1toRu029yjgrleWg2w3gNU,88.012,"art pop, metropopolis, nz pop, pop"
104.8,121.6,90.85%,82.76%,20 Dec 2022  23:36,1671608160,no_matches,no_matches,no_matches,no_matches
118.4,124.8,97.45%,84.85%,20 Dec 2022  23:36,1671608160,no_matches,no_matches,no_matches,no_matches
103.93,119.92,91.67%,68.44%,20 Dec 2022  16:30,1671582600,no_matches,no_matches,no_matches,no_matches
100.73,133.51,89.22%,83.32%,20 Dec 2022  15:49,1671580140,no_matches,no_matches,no_matches,no_matches
124.72,141.51,95.48%,86.44%,20 Dec 2022  15:48,1671580080,no_matches,no_matches,no_matches,no_matches
124.8,136.8,96.49%,89.47%,20 Dec 2022  12:39,1671568740,no_matches,no_matches,no_matches,no_matches
124.8,131.2,96.34%,81.27%,20 Dec 2022  12:00,1671566400,no_matches,no_matches,no_matches,no_matches
116.0,125.6,97.45%,84.06%,20 Dec 2022  11:56,1671566160,no_matches,no_matches,no_matches,no_matches
103.93,137.51,87.21%,83.49%,19 Dec 2022  16:28,1671496080,no_matches,no_matches,no_matches,no_matches
119.2,137.6,93.60%,86.92%,19 Dec 2022  12:44,1671482640,no_matches,no_matches,no_matches,no_matches
107.2,133.6,91.62%,83.64%,18 Dec 2022  18:04,1671415440,no_matches,no_matches,no_matches,no_matches
114.4,138.4,89.33%,75.60%,17 Dec 2022  18:27,1671330420,no_matches,no_matches,no_matches,no_matches
105.53,140.71,87.50%,85.58%,17 Dec 2022  18:26,1671330360,no_matches,no_matches,no_matches,no_matches
95.2,123.2,89.03%,87.93%,15 Dec 2022  21:41,1671169260,no_matches,no_matches,no_matches,no_matches
107.93,119.92,92.21%,80.37%,15 Dec 2022  17:41,1671154860,no_matches,no_matches,no_matches,no_matches
142.31,148.7,98.39%,85.34%,14 Dec 2022  18:57,1671073020,no_matches,no_matches,no_matches,no_matches
131.2,134.4,98.81%,82.69%,14 Dec 2022  15:46,1671061560,no_matches,no_matches,no_matches,no_matches
121.6,131.2,96.34%,78.75%,13 Dec 2022  19:33,1670988780,no_matches,no_matches,no_matches,no_matches
131.91,135.91,98.82%,85.35%,13 Dec 2022  19:32,1670988720,no_matches,no_matches,no_matches,no_matches
113.6,124.0,94.27%,82.26%,09 Dec 2022  20:42,1670647320,no_matches,no_matches,no_matches,no_matches
116.72,116.72,100.00%,77.35%,09 Dec 2022  20:38,1670647080,no_matches,no_matches,no_matches,no_matches
125.52,127.91,97.53%,81.73%,09 Dec 2022  20:36,1670646960,no_matches,no_matches,no_matches,no_matches
105.6,126.4,87.42%,76.69%,09 Dec 2022  18:08,1670638080,no_matches,no_matches,no_matches,no_matches
113.52,124.72,92.55%,73.11%,08 Dec 2022  17:12,1670548320,no_matches,no_matches,no_matches,no_matches
111.2,123.2,94.90%,82.26%,08 Dec 2022  14:31,1670538660,no_matches,no_matches,no_matches,no_matches
121.6,132.8,94.01%,83.32%,08 Dec 2022  14:31,1670538660,no_matches,no_matches,no_matches,no_matches
108.0,120.0,94.81%,76.82%,08 Dec 2022  14:30,1670538600,no_matches,no_matches,no_matches,no_matches
130.4,130.4,98.79%,80.64%,08 Dec 2022  14:30,1670538600,no_matches,no_matches,no_matches,no_matches
109.53,121.52,91.67%,74.49%,03 Dec 2022  16:42,1670114520,no_matches,no_matches,no_matches,no_matches
110.4,127.2,93.75%,82.32%,03 Dec 2022  15:40,1670110800,no_matches,no_matches,no_matches,no_matches
104.0,116.0,95.24%,75.80%,03 Dec 2022  15:18,1670109480,no_matches,no_matches,no_matches,no_matches
100.0,122.4,88.96%,78.82%,03 Dec 2022  15:18,1670109480,no_matches,no_matches,no_matches,no_matches
97.6,112.8,93.79%,66.08%,03 Dec 2022  10:24,1670091840,The Basics,spotify:track:04bCYAih29vktrZPXlSVb0,104.053,"classic texas country, country, outlaw country"
105.53,114.32,95.14%,77.89%,03 Dec 2022  10:02,1670090520,no_matches,no_matches,no_matches,no_matches
117.6,133.6,93.45%,80.12%,30 Nov 2022  18:10,1669860600,no_matches,no_matches,no_matches,no_matches
122.4,142.4,91.57%,87.74%,30 Nov 2022  15:23,1669850580,no_matches,no_matches,no_matches,no_matches
101.6,129.6,87.65%,70.10%,28 Nov 2022  21:26,1669699560,no_matches,no_matches,no_matches,no_matches
118.4,145.6,89.01%,78.12%,28 Nov 2022  21:26,1669699560,no_matches,no_matches,no_matches,no_matches
113.6,133.6,89.94%,83.64%,27 Nov 2022  19:00,1669604400,no_matches,no_matches,no_matches,no_matches
119.2,126.4,98.73%,86.63%,27 Nov 2022  18:58,1669604280,no_matches,no_matches,no_matches,no_matches
110.4,120.8,96.08%,81.68%,27 Nov 2022  18:56,1669604160,no_matches,no_matches,no_matches,no_matches
116.0,123.2,94.30%,80.74%,26 Nov 2022  10:17,1669486620,no_matches,no_matches,no_matches,no_matches
107.2,115.2,96.53%,78.22%,25 Nov 2022  21:36,1669440960,no_matches,no_matches,no_matches,no_matches
114.32,121.52,95.39%,83.94%,25 Nov 2022  21:32,1669440720,no_matches,no_matches,no_matches,no_matches
118.32,126.32,95.03%,82.83%,25 Nov 2022  16:08,1669421280,no_matches,no_matches,no_matches,no_matches
105.53,128.71,89.22%,67.89%,25 Nov 2022  16:07,1669421220,no_matches,no_matches,no_matches,no_matches
111.2,125.6,95.63%,75.16%,25 Nov 2022  12:35,1669408500,no_matches,no_matches,no_matches,no_matches
90.4,115.2,85.91%,77.80%,25 Nov 2022  12:35,1669408500,no_matches,no_matches,no_matches,no_matches
118.32,118.32,97.37%,76.41%,25 Nov 2022  12:35,1669408500,no_matches,no_matches,no_matches,no_matches
116.72,125.52,94.34%,86.75%,25 Nov 2022  12:34,1669408440,no_matches,no_matches,no_matches,no_matches
118.32,123.12,96.79%,83.61%,24 Nov 2022  19:18,1669346280,no_matches,no_matches,no_matches,no_matches
109.6,123.2,90.38%,83.99%,24 Nov 2022  19:18,1669346280,no_matches,no_matches,no_matches,no_matches
116.72,131.91,93.41%,77.31%,23 Nov 2022  22:00,1669269600,no_matches,no_matches,no_matches,no_matches
123.92,131.11,96.34%,92.19%,23 Nov 2022  17:02,1669251720,no_matches,no_matches,no_matches,no_matches
103.93,125.52,89.31%,85.47%,22 Nov 2022  17:25,1669166700,no_matches,no_matches,no_matches,no_matches
108.8,122.4,92.90%,52.71%,20 Nov 2022  17:18,1668993480,no_matches,no_matches,no_matches,no_matches
124.72,139.11,94.86%,83.24%,20 Nov 2022  17:17,1668993420,no_matches,no_matches,no_matches,no_matches
109.53,109.53,96.50%,80.52%,20 Nov 2022  11:03,1668970980,no_matches,no_matches,no_matches,no_matches
99.13,109.53,93.71%,72.42%,19 Nov 2022  19:03,1668913380,no_matches,no_matches,no_matches,no_matches
112.72,127.91,92.55%,84.99%,18 Nov 2022  21:08,1668834480,no_matches,no_matches,no_matches,no_matches
101.46,122.24,90.97%,82.81%,18 Nov 2022  21:08,1668834480,no_matches,no_matches,no_matches,no_matches
119.12,123.12,96.79%,80.83%,18 Nov 2022  21:08,1668834480,no_matches,no_matches,no_matches,no_matches
95.2,111.2,86.71%,68.68%,18 Nov 2022  14:50,1668811800,no_matches,no_matches,no_matches,no_matches
107.13,123.12,93.04%,75.28%,18 Nov 2022  14:50,1668811800,no_matches,no_matches,no_matches,no_matches
112.72,126.32,91.88%,72.90%,18 Nov 2022  14:50,1668811800,no_matches,no_matches,no_matches,no_matches
113.52,127.12,90.30%,76.06%,18 Nov 2022  14:49,1668811740,no_matches,no_matches,no_matches,no_matches
113.52,134.31,92.35%,84.66%,16 Nov 2022  13:24,1668633840,no_matches,no_matches,no_matches,no_matches
112.65,133.42,90.53%,78.88%,16 Nov 2022  13:24,1668633840,no_matches,no_matches,no_matches,no_matches
108.73,125.52,90.51%,81.06%,15 Nov 2022  17:15,1668561300,no_matches,no_matches,no_matches,no_matches
107.2,115.2,96.53%,74.83%,14 Nov 2022  17:40,1668476400,no_matches,no_matches,no_matches,no_matches
110.33,115.92,97.26%,83.45%,13 Nov 2022  01:39,1668332340,Sixteen,spotify:track:6p6KdVpfKtTMisH5VfWqsL,109.918,"contemporary country, country, country road, modern country rock"
109.6,109.6,99.28%,84.53%,12 Nov 2022  10:08,1668276480,no_matches,no_matches,no_matches,no_matches
103.2,107.2,97.79%,79.28%,12 Nov 2022  10:07,1668276420,no_matches,no_matches,no_matches,no_matches
106.33,112.72,93.06%,78.22%,12 Nov 2022  10:07,1668276420,no_matches,no_matches,no_matches,no_matches
105.53,107.13,98.53%,78.51%,11 Nov 2022  11:45,1668195900,no_matches,no_matches,no_matches,no_matches
111.2,120.0,96.67%,88.45%,11 Nov 2022  11:34,1668195240,no_matches,no_matches,no_matches,no_matches
115.12,128.71,92.68%,78.75%,10 Nov 2022  21:55,1668146100,no_matches,no_matches,no_matches,no_matches
121.6,121.6,98.06%,82.10%,10 Nov 2022  16:56,1668128160,no_matches,no_matches,no_matches,no_matches
110.33,139.11,88.64%,76.00%,10 Nov 2022  16:55,1668128100,no_matches,no_matches,no_matches,no_matches
105.6,112.0,94.48%,73.11%,10 Nov 2022  16:55,1668128100,no_matches,no_matches,no_matches,no_matches
58.36,74.35,95.51%,69.56%,10 Nov 2022  15:12,1668121920,no_matches,no_matches,no_matches,no_matches
127.12,137.51,94.19%,85.11%,09 Nov 2022  16:43,1668040980,no_matches,no_matches,no_matches,no_matches
100.73,107.13,91.49%,79.15%,09 Nov 2022  16:16,1668039360,no_matches,no_matches,no_matches,no_matches
103.13,124.72,87.50%,81.35%,09 Nov 2022  16:15,1668039300,no_matches,no_matches,no_matches,no_matches
99.93,111.93,93.75%,72.36%,08 Nov 2022  16:39,1667954340,no_matches,no_matches,no_matches,no_matches
110.33,120.72,94.70%,79.98%,07 Nov 2022  19:50,1667879400,no_matches,no_matches,no_matches,no_matches
113.6,129.6,93.83%,90.32%,06 Nov 2022  19:34,1667792040,no_matches,no_matches,no_matches,no_matches
116.72,122.32,94.30%,75.03%,06 Nov 2022  18:39,1667788740,no_matches,no_matches,no_matches,no_matches
116.0,120.8,94.84%,81.41%,06 Nov 2022  16:56,1667782560,no_matches,no_matches,no_matches,no_matches
104.73,116.72,95.24%,83.25%,06 Nov 2022  10:14,1667758440,no_matches,no_matches,no_matches,no_matches
113.52,119.92,98.04%,82.03%,05 Nov 2022  21:49,1667710140,no_matches,no_matches,no_matches,no_matches
107.13,115.12,96.53%,81.44%,05 Nov 2022  18:36,1667698560,no_matches,no_matches,no_matches,no_matches
109.53,112.72,97.90%,85.74%,05 Nov 2022  18:36,1667698560,no_matches,no_matches,no_matches,no_matches
112.72,120.72,92.95%,75.22%,04 Nov 2022  08:41,1667576460,no_matches,no_matches,no_matches,no_matches
105.53,125.52,92.45%,80.27%,02 Nov 2022  20:42,1667446920,no_matches,no_matches,no_matches,no_matches
107.13,116.72,94.00%,71.25%,02 Nov 2022  20:41,1667446860,no_matches,no_matches,no_matches,no_matches
108.73,119.92,93.42%,80.64%,02 Nov 2022  19:55,1667444100,no_matches,no_matches,no_matches,no_matches
116.0,128.8,96.30%,80.52%,02 Nov 2022  19:55,1667444100,no_matches,no_matches,no_matches,no_matches
102.26,115.85,94.48%,81.62%,02 Nov 2022  19:45,1667443500,no_matches,no_matches,no_matches,no_matches
108.73,119.92,93.51%,71.67%,02 Nov 2022  19:44,1667443440,no_matches,no_matches,no_matches,no_matches
115.92,135.91,92.94%,89.00%,02 Nov 2022  19:44,1667443440,no_matches,no_matches,no_matches,no_matches
117.6,120.8,97.40%,78.23%,02 Nov 2022  18:15,1667438100,no_matches,no_matches,no_matches,no_matches
100.73,110.33,94.29%,80.18%,02 Nov 2022  18:15,1667438100,no_matches,no_matches,no_matches,no_matches
117.52,129.51,96.30%,84.43%,02 Nov 2022  18:14,1667438040,no_matches,no_matches,no_matches,no_matches
120.72,129.51,96.32%,81.33%,01 Nov 2022  20:03,1667358180,no_matches,no_matches,no_matches,no_matches
113.52,132.71,92.77%,86.21%,31 Oct 2022  18:54,1667267640,no_matches,no_matches,no_matches,no_matches
123.04,123.04,99.35%,87.42%,31 Oct 2022  18:29,1667266140,no_matches,no_matches,no_matches,no_matches
111.85,124.63,93.63%,72.34%,31 Oct 2022  16:20,1667258400,no_matches,no_matches,no_matches,no_matches
105.6,109.6,95.10%,59.33%,31 Oct 2022  14:47,1667252820,no_matches,no_matches,no_matches,no_matches
109.6,124.0,91.25%,75.39%,31 Oct 2022  14:46,1667252760,no_matches,no_matches,no_matches,no_matches
120.64,130.23,94.01%,71.81%,31 Oct 2022  14:06,1667250360,no_matches,no_matches,no_matches,no_matches
131.11,136.71,98.25%,81.94%,31 Oct 2022  09:51,1667235060,no_matches,no_matches,no_matches,no_matches
125.6,128.8,99.38%,87.06%,30 Oct 2022  20:59,1667188740,no_matches,no_matches,no_matches,no_matches
113.52,127.12,91.82%,88.17%,30 Oct 2022  11:51,1667155860,no_matches,no_matches,no_matches,no_matches
109.6,126.4,89.44%,72.48%,30 Oct 2022  11:42,1667155320,no_matches,no_matches,no_matches,no_matches
111.13,120.72,95.39%,83.94%,29 Oct 2022  23:06,1667109960,400 Lux,spotify:track:6rjtB7KSIiJ6v9vrACMlqF,183.991,"art pop, metropopolis, nz pop, pop"
111.93,117.52,97.96%,78.21%,29 Oct 2022  22:53,1667109180,Maroon,spotify:track:3eX0NZfLtGzoLUxPNvRfqm,108.058,pop
110.4,110.4,97.87%,77.42%,29 Oct 2022  11:15,1667067300,no_matches,no_matches,no_matches,no_matches
120.72,124.72,95.63%,77.12%,28 Oct 2022  22:57,1667023020,Writer In The Dark,spotify:track:193Dm5SqYy3hTSbuzxbwKc,71.855,"art pop, metropopolis, nz pop, pop"
123.92,133.51,97.01%,86.14%,28 Oct 2022  16:39,1667000340,no_matches,no_matches,no_matches,no_matches
106.99,128.54,90.24%,84.17%,27 Oct 2022  22:18,1666934280,no_matches,no_matches,no_matches,no_matches
138.4,146.4,97.27%,86.22%,27 Oct 2022  21:41,1666932060,no_matches,no_matches,no_matches,no_matches
104.0,118.4,93.33%,75.78%,26 Oct 2022  22:15,1666847700,no_matches,no_matches,no_matches,no_matches
102.33,138.31,88.44%,84.21%,26 Oct 2022  22:15,1666847700,no_matches,no_matches,no_matches,no_matches
118.96,124.55,95.03%,70.45%,26 Oct 2022  21:34,1666845240,no_matches,no_matches,no_matches,no_matches
115.92,119.12,97.99%,83.78%,26 Oct 2022  19:49,1666838940,no_matches,no_matches,no_matches,no_matches
116.72,133.51,90.53%,81.82%,26 Oct 2022  19:48,1666838880,no_matches,no_matches,no_matches,no_matches
122.4,128.0,97.52%,82.50%,26 Oct 2022  19:47,1666838820,no_matches,no_matches,no_matches,no_matches
115.2,120.0,97.35%,84.41%,26 Oct 2022  19:46,1666838760,no_matches,no_matches,no_matches,no_matches
114.4,128.0,94.38%,78.44%,26 Oct 2022  18:06,1666832760,no_matches,no_matches,no_matches,no_matches
106.33,111.93,93.75%,79.24%,26 Oct 2022  17:15,1666829700,no_matches,no_matches,no_matches,no_matches
109.53,115.92,96.55%,78.08%,25 Oct 2022  21:39,1666759140,no_matches,no_matches,no_matches,no_matches
114.4,124.8,94.97%,78.54%,25 Oct 2022  21:21,1666758060,no_matches,no_matches,no_matches,no_matches
123.2,130.4,95.78%,80.08%,25 Oct 2022  21:20,1666758000,no_matches,no_matches,no_matches,no_matches
117.6,120.8,96.10%,81.70%,25 Oct 2022  21:19,1666757940,no_matches,no_matches,no_matches,no_matches
126.32,130.31,95.81%,85.02%,25 Oct 2022  21:19,1666757940,no_matches,no_matches,no_matches,no_matches
103.2,113.6,95.14%,76.62%,25 Oct 2022  20:38,1666755480,no_matches,no_matches,no_matches,no_matches
104.8,112.0,95.07%,81.56%,25 Oct 2022  20:34,1666755240,no_matches,no_matches,no_matches,no_matches
115.2,127.2,94.41%,80.92%,25 Oct 2022  20:33,1666755180,no_matches,no_matches,no_matches,no_matches
118.4,124.0,98.06%,81.75%,25 Oct 2022  17:38,1666744680,no_matches,no_matches,no_matches,no_matches
92.74,114.32,93.15%,78.62%,25 Oct 2022  17:11,1666743060,no_matches,no_matches,no_matches,no_matches
115.12,125.52,93.83%,76.53%,25 Oct 2022  16:50,1666741800,no_matches,no_matches,no_matches,no_matches
104.8,112.8,93.10%,76.51%,25 Oct 2022  08:58,1666713480,no_matches,no_matches,no_matches,no_matches
112.72,129.51,91.52%,75.38%,24 Oct 2022  22:23,1666675380,no_matches,no_matches,no_matches,no_matches
128.8,137.6,95.45%,84.61%,23 Oct 2022  19:16,1666577760,no_matches,no_matches,no_matches,no_matches
119.12,143.9,89.50%,74.78%,23 Oct 2022  19:16,1666577760,no_matches,no_matches,no_matches,no_matches
112.65,116.64,95.97%,79.05%,23 Oct 2022  16:25,1666567500,no_matches,no_matches,no_matches,no_matches
118.4,128.8,97.52%,76.56%,23 Oct 2022  16:22,1666567320,no_matches,no_matches,no_matches,no_matches
95.94,112.72,94.48%,74.47%,23 Oct 2022  16:22,1666567320,no_matches,no_matches,no_matches,no_matches
105.53,127.91,87.50%,89.36%,23 Oct 2022  16:12,1666566720,no_matches,no_matches,no_matches,no_matches
135.91,144.7,95.68%,82.32%,23 Oct 2022  16:09,1666566540,no_matches,no_matches,no_matches,no_matches
115.92,132.71,93.53%,75.96%,23 Oct 2022  11:09,1666548540,no_matches,no_matches,no_matches,no_matches
117.6,128.0,96.27%,83.52%,21 Oct 2022  22:41,1666417260,no_matches,no_matches,no_matches,no_matches
127.91,131.11,98.78%,88.69%,21 Oct 2022  22:41,1666417260,no_matches,no_matches,no_matches,no_matches
116.72,121.52,96.75%,83.14%,21 Oct 2022  22:40,1666417200,no_matches,no_matches,no_matches,no_matches
104.73,113.52,94.52%,74.98%,21 Oct 2022  17:34,1666398840,no_matches,no_matches,no_matches,no_matches
122.32,139.91,93.14%,89.78%,20 Oct 2022  22:33,1666330380,no_matches,no_matches,no_matches,no_matches
119.12,142.31,93.30%,82.30%,19 Oct 2022  17:55,1666227300,no_matches,no_matches,no_matches,no_matches
119.92,130.31,96.93%,87.49%,19 Oct 2022  15:42,1666219320,no_matches,no_matches,no_matches,no_matches
116.72,134.31,92.90%,84.30%,18 Oct 2022  19:15,1666145700,no_matches,no_matches,no_matches,no_matches
111.05,123.04,95.51%,83.99%,18 Oct 2022  18:03,1666141380,no_matches,no_matches,no_matches,no_matches
119.92,123.92,98.10%,80.13%,17 Oct 2022  20:19,1666063140,no_matches,no_matches,no_matches,no_matches
125.6,130.4,96.39%,80.35%,17 Oct 2022  17:16,1666052160,no_matches,no_matches,no_matches,no_matches
114.32,143.1,90.50%,87.58%,17 Oct 2022  16:54,1666050840,no_matches,no_matches,no_matches,no_matches
108.0,122.4,91.67%,76.50%,16 Oct 2022  13:48,1665953280,no_matches,no_matches,no_matches,no_matches
110.33,129.51,89.63%,79.83%,15 Oct 2022  20:00,1665889200,no_matches,no_matches,no_matches,no_matches
122.4,122.4,98.71%,82.81%,15 Oct 2022  18:18,1665883080,no_matches,no_matches,no_matches,no_matches
111.05,141.41,88.70%,84.47%,15 Oct 2022  18:17,1665883020,no_matches,no_matches,no_matches,no_matches
120.0,124.0,94.34%,81.84%,15 Oct 2022  18:16,1665882960,no_matches,no_matches,no_matches,no_matches
121.52,132.71,95.78%,81.79%,12 Oct 2022  22:22,1665638520,no_matches,no_matches,no_matches,no_matches
126.4,134.4,96.43%,86.88%,12 Oct 2022  21:28,1665635280,no_matches,no_matches,no_matches,no_matches
127.12,138.31,93.75%,79.96%,12 Oct 2022  21:24,1665635040,no_matches,no_matches,no_matches,no_matches
114.32,117.52,97.97%,61.58%,12 Oct 2022  21:22,1665634920,no_matches,no_matches,no_matches,no_matches
112.8,121.6,96.71%,80.98%,12 Oct 2022  17:15,1665620100,no_matches,no_matches,no_matches,no_matches
109.6,114.4,95.89%,79.98%,11 Oct 2022  20:06,1665543960,no_matches,no_matches,no_matches,no_matches
119.92,131.11,95.15%,82.75%,11 Oct 2022  20:02,1665543720,no_matches,no_matches,no_matches,no_matches
123.2,127.2,98.11%,85.88%,11 Oct 2022  19:59,1665543540,no_matches,no_matches,no_matches,no_matches
92.0,104.8,89.63%,75.32%,11 Oct 2022  19:59,1665543540,no_matches,no_matches,no_matches,no_matches
135.2,140.0,97.18%,82.17%,11 Oct 2022  19:55,1665543300,no_matches,no_matches,no_matches,no_matches
97.6,104.8,95.56%,75.66%,11 Oct 2022  19:29,1665541740,no_matches,no_matches,no_matches,no_matches
100.0,115.2,93.15%,79.64%,11 Oct 2022  19:28,1665541680,no_matches,no_matches,no_matches,no_matches
108.73,118.32,94.00%,80.00%,10 Oct 2022  20:03,1665457380,no_matches,no_matches,no_matches,no_matches
116.0,136.8,93.57%,83.42%,10 Oct 2022  20:01,1665457260,no_matches,no_matches,no_matches,no_matches
104.0,118.4,91.45%,76.96%,10 Oct 2022  17:25,1665447900,no_matches,no_matches,no_matches,no_matches
108.8,125.6,93.04%,79.53%,10 Oct 2022  13:41,1665434460,no_matches,no_matches,no_matches,no_matches
121.52,129.51,96.34%,86.87%,10 Oct 2022  13:05,1665432300,SommarfÃ¥gel,spotify:track:6ph7pU5RLZOSAwXhZ1jRGn,180.051,"folktronica, gothenburg indie"
109.6,128.0,93.79%,79.18%,10 Oct 2022  12:09,1665428940,no_matches,no_matches,no_matches,no_matches
124.0,131.2,97.56%,85.26%,10 Oct 2022  11:48,1665427680,no_matches,no_matches,no_matches,no_matches
115.92,122.32,97.42%,75.10%,09 Oct 2022  21:17,1665375420,no_matches,no_matches,no_matches,no_matches
120.0,124.0,98.08%,78.41%,09 Oct 2022  21:16,1665375360,no_matches,no_matches,no_matches,no_matches
109.53,126.32,93.17%,80.03%,09 Oct 2022  21:15,1665375300,no_matches,no_matches,no_matches,no_matches
122.32,143.1,92.31%,78.54%,09 Oct 2022  21:15,1665375300,no_matches,no_matches,no_matches,no_matches
108.0,120.0,96.03%,81.70%,09 Oct 2022  21:12,1665375120,no_matches,no_matches,no_matches,no_matches
108.0,120.0,91.56%,80.69%,09 Oct 2022  21:11,1665375060,no_matches,no_matches,no_matches,no_matches
111.13,117.52,93.33%,81.38%,09 Oct 2022  21:09,1665374940,no_matches,no_matches,no_matches,no_matches
96.74,115.92,88.67%,78.71%,09 Oct 2022  21:09,1665374940,no_matches,no_matches,no_matches,no_matches
116.72,116.72,98.65%,78.78%,08 Oct 2022  19:57,1665284220,no_matches,no_matches,no_matches,no_matches
104.8,104.8,98.54%,75.73%,08 Oct 2022  19:56,1665284160,no_matches,no_matches,no_matches,no_matches
113.6,119.2,95.97%,81.82%,08 Oct 2022  19:55,1665284100,no_matches,no_matches,no_matches,no_matches
110.4,120.8,96.08%,74.39%,08 Oct 2022  19:54,1665284040,no_matches,no_matches,no_matches,no_matches
120.8,129.6,98.15%,88.69%,08 Oct 2022  19:53,1665283980,no_matches,no_matches,no_matches,no_matches
111.13,115.12,97.24%,81.24%,08 Oct 2022  16:51,1665273060,no_matches,no_matches,no_matches,no_matches
119.2,123.2,94.90%,88.50%,08 Oct 2022  16:50,1665273000,no_matches,no_matches,no_matches,no_matches
116.72,116.72,98.65%,78.46%,08 Oct 2022  16:50,1665273000,no_matches,no_matches,no_matches,no_matches
101.6,117.6,93.88%,81.67%,08 Oct 2022  16:48,1665272880,no_matches,no_matches,no_matches,no_matches
109.6,126.4,93.13%,77.12%,08 Oct 2022  16:48,1665272880,no_matches,no_matches,no_matches,no_matches
115.12,126.32,94.94%,88.06%,08 Oct 2022  16:47,1665272820,no_matches,no_matches,no_matches,no_matches
133.42,137.42,98.26%,86.17%,08 Oct 2022  16:46,1665272760,no_matches,no_matches,no_matches,no_matches
112.0,112.0,99.29%,80.66%,08 Oct 2022  15:38,1665268680,no_matches,no_matches,no_matches,no_matches
108.8,121.6,92.21%,81.36%,08 Oct 2022  14:28,1665264480,no_matches,no_matches,no_matches,no_matches
128.0,136.8,96.49%,82.81%,08 Oct 2022  14:27,1665264420,no_matches,no_matches,no_matches,no_matches
110.33,116.72,94.70%,72.50%,07 Oct 2022  21:16,1665202560,no_matches,no_matches,no_matches,no_matches
114.32,122.32,95.45%,82.41%,07 Oct 2022  18:40,1665193200,no_matches,no_matches,no_matches,no_matches
121.6,128.0,95.68%,81.11%,07 Oct 2022  18:38,1665193080,no_matches,no_matches,no_matches,no_matches
111.05,132.62,88.89%,70.51%,07 Oct 2022  18:38,1665193080,no_matches,no_matches,no_matches,no_matches
112.0,116.0,98.62%,82.83%,07 Oct 2022  16:55,1665186900,no_matches,no_matches,no_matches,no_matches
110.4,114.4,97.24%,72.59%,07 Oct 2022  16:54,1665186840,no_matches,no_matches,no_matches,no_matches
113.6,121.6,92.95%,78.13%,07 Oct 2022  16:54,1665186840,no_matches,no_matches,no_matches,no_matches
116.8,116.8,97.99%,71.18%,06 Oct 2022  21:39,1665117540,no_matches,no_matches,no_matches,no_matches
120.0,123.2,98.06%,44.71%,06 Oct 2022  15:38,1665095880,no_matches,no_matches,no_matches,no_matches
92.0,112.8,93.01%,67.99%,06 Oct 2022  15:37,1665095820,no_matches,no_matches,no_matches,no_matches
119.2,130.4,95.71%,91.19%,06 Oct 2022  10:37,1665077820,no_matches,no_matches,no_matches,no_matches
103.2,107.2,97.10%,69.21%,06 Oct 2022  10:33,1665077580,no_matches,no_matches,no_matches,no_matches
117.44,121.44,98.68%,82.77%,05 Oct 2022  19:03,1665021780,no_matches,no_matches,no_matches,no_matches
128.71,128.71,100.00%,89.53%,05 Oct 2022  19:00,1665021600,no_matches,no_matches,no_matches,no_matches
111.93,123.12,95.48%,84.33%,05 Oct 2022  19:00,1665021600,no_matches,no_matches,no_matches,no_matches
126.4,130.4,99.39%,89.45%,05 Oct 2022  18:56,1665021360,no_matches,no_matches,no_matches,no_matches
108.73,119.12,96.71%,82.40%,05 Oct 2022  18:55,1665021300,no_matches,no_matches,no_matches,no_matches
119.2,119.2,98.68%,80.31%,05 Oct 2022  18:55,1665021300,no_matches,no_matches,no_matches,no_matches
94.34,94.34,100.00%,72.20%,05 Oct 2022  18:55,1665021300,no_matches,no_matches,no_matches,no_matches
111.13,111.13,97.22%,81.06%,05 Oct 2022  18:53,1665021180,no_matches,no_matches,no_matches,no_matches
121.6,121.6,99.35%,72.00%,05 Oct 2022  18:52,1665021120,no_matches,no_matches,no_matches,no_matches
125.6,125.6,98.13%,81.35%,05 Oct 2022  18:52,1665021120,no_matches,no_matches,no_matches,no_matches
108.73,118.32,94.74%,80.98%,05 Oct 2022  16:04,1665011040,no_matches,no_matches,no_matches,no_matches
117.6,117.6,99.32%,85.26%,05 Oct 2022  09:53,1664988780,The Louvre,spotify:track:5q4BpnMrYEFzLO0dYODj6J,123.214,"art pop, metropopolis, nz pop, pop"
107.93,127.91,91.41%,81.95%,04 Oct 2022  22:40,1664948400,no_matches,no_matches,no_matches,no_matches
106.4,111.2,95.77%,81.16%,04 Oct 2022  22:39,1664948340,no_matches,no_matches,no_matches,no_matches
96.74,108.73,94.16%,80.06%,04 Oct 2022  22:39,1664948340,no_matches,no_matches,no_matches,no_matches
120.0,120.0,99.34%,84.00%,04 Oct 2022  22:38,1664948280,no_matches,no_matches,no_matches,no_matches
112.0,122.4,94.90%,75.61%,04 Oct 2022  22:33,1664947980,no_matches,no_matches,no_matches,no_matches
108.0,119.2,94.08%,78.42%,04 Oct 2022  22:33,1664947980,no_matches,no_matches,no_matches,no_matches
108.0,120.8,93.42%,82.03%,04 Oct 2022  22:32,1664947920,no_matches,no_matches,no_matches,no_matches
92.8,120.0,88.16%,76.41%,04 Oct 2022  22:32,1664947920,no_matches,no_matches,no_matches,no_matches
130.4,136.0,98.82%,82.16%,04 Oct 2022  22:31,1664947860,no_matches,no_matches,no_matches,no_matches
126.32,134.31,97.04%,84.30%,04 Oct 2022  22:30,1664947800,no_matches,no_matches,no_matches,no_matches
97.6,113.6,93.71%,78.38%,04 Oct 2022  19:45,1664937900,no_matches,no_matches,no_matches,no_matches
112.0,112.0,99.30%,75.82%,04 Oct 2022  19:45,1664937900,no_matches,no_matches,no_matches,no_matches
105.6,105.6,97.08%,61.70%,02 Oct 2022  19:35,1664764500,no_matches,no_matches,no_matches,no_matches
115.12,126.32,94.97%,81.20%,02 Oct 2022  19:34,1664764440,no_matches,no_matches,no_matches,no_matches
110.33,123.92,96.77%,85.15%,01 Oct 2022  20:24,1664681040,no_matches,no_matches,no_matches,no_matches
90.4,110.4,88.89%,69.15%,01 Oct 2022  20:16,1664680560,no_matches,no_matches,no_matches,no_matches
119.92,127.91,95.00%,85.61%,01 Oct 2022  20:16,1664680560,no_matches,no_matches,no_matches,no_matches
119.2,119.2,99.33%,76.06%,01 Oct 2022  20:15,1664680500,no_matches,no_matches,no_matches,no_matches
107.2,109.6,95.07%,79.64%,01 Oct 2022  19:14,1664676840,no_matches,no_matches,no_matches,no_matches
91.14,105.53,91.30%,67.23%,01 Oct 2022  19:14,1664676840,no_matches,no_matches,no_matches,no_matches
84.8,101.6,94.62%,50.49%,01 Oct 2022  16:56,1664668560,no_matches,no_matches,no_matches,no_matches
104.0,114.4,94.52%,77.98%,01 Oct 2022  16:13,1664665980,no_matches,no_matches,no_matches,no_matches
93.6,122.4,85.81%,81.41%,01 Oct 2022  15:54,1664664840,no_matches,no_matches,no_matches,no_matches
106.4,106.4,97.79%,75.68%,01 Oct 2022  15:52,1664664720,no_matches,no_matches,no_matches,no_matches
107.2,120.0,90.26%,64.72%,01 Oct 2022  15:51,1664664660,no_matches,no_matches,no_matches,no_matches
123.92,131.91,95.21%,75.05%,01 Oct 2022  15:51,1664664660,no_matches,no_matches,no_matches,no_matches
111.2,116.8,92.21%,68.30%,01 Oct 2022  15:40,1664664000,no_matches,no_matches,no_matches,no_matches
108.8,111.2,96.45%,76.12%,30 Sep 2022  16:09,1664579340,no_matches,no_matches,no_matches,no_matches
107.93,117.52,96.62%,79.11%,30 Sep 2022  16:08,1664579280,no_matches,no_matches,no_matches,no_matches
109.6,113.6,95.89%,77.66%,30 Sep 2022  16:08,1664579280,no_matches,no_matches,no_matches,no_matches
108.8,125.6,89.94%,75.94%,30 Sep 2022  16:07,1664579220,no_matches,no_matches,no_matches,no_matches
98.33,131.91,89.16%,79.80%,29 Sep 2022  14:31,1664487060,no_matches,no_matches,no_matches,no_matches
91.14,143.9,81.42%,74.57%,29 Sep 2022  14:30,1664487000,no_matches,no_matches,no_matches,no_matches
107.2,125.6,90.63%,72.90%,29 Sep 2022  10:48,1664473680,no_matches,no_matches,no_matches,no_matches
105.53,119.92,91.50%,76.47%,29 Sep 2022  10:47,1664473620,no_matches,no_matches,no_matches,no_matches
98.33,119.12,89.61%,78.23%,29 Sep 2022  10:46,1664473560,no_matches,no_matches,no_matches,no_matches
112.72,127.91,95.03%,80.62%,29 Sep 2022  10:45,1664473500,no_matches,no_matches,no_matches,no_matches
121.52,131.11,93.49%,74.39%,29 Sep 2022  10:43,1664473380,no_matches,no_matches,no_matches,no_matches
119.12,130.31,94.48%,83.58%,25 Sep 2022  13:44,1664138640,no_matches,no_matches,no_matches,no_matches
111.93,121.52,93.51%,82.05%,24 Sep 2022  16:34,1664062440,no_matches,no_matches,no_matches,no_matches
106.33,119.92,93.46%,80.33%,24 Sep 2022  12:38,1664048280,no_matches,no_matches,no_matches,no_matches
99.93,99.93,95.45%,71.80%,23 Sep 2022  19:28,1663986480,no_matches,no_matches,no_matches,no_matches
104.8,114.4,95.14%,81.06%,22 Sep 2022  18:28,1663896480,no_matches,no_matches,no_matches,no_matches
126.4,126.4,98.75%,74.92%,22 Sep 2022  18:27,1663896420,no_matches,no_matches,no_matches,no_matches
103.2,116.8,92.62%,77.80%,21 Sep 2022  16:24,1663802640,no_matches,no_matches,no_matches,no_matches
116.0,116.0,99.32%,83.88%,17 Sep 2022  18:10,1663463400,no_matches,no_matches,no_matches,no_matches
109.6,114.4,95.24%,56.56%,17 Sep 2022  18:10,1663463400,no_matches,no_matches,no_matches,no_matches
109.6,127.2,91.82%,80.88%,17 Sep 2022  18:10,1663463400,no_matches,no_matches,no_matches,no_matches
99.93,107.13,94.96%,72.29%,10 Sep 2022  22:32,1662874320,no_matches,no_matches,no_matches,no_matches
104.73,109.53,96.45%,78.09%,10 Sep 2022  16:28,1662852480,no_matches,no_matches,no_matches,no_matches
108.8,137.6,90.80%,83.70%,07 Sep 2022  17:42,1662597720,no_matches,no_matches,no_matches,no_matches
98.33,112.72,92.47%,74.43%,04 Sep 2022  19:58,1662346680,no_matches,no_matches,no_matches,no_matches
112.8,123.2,96.13%,81.75%,03 Sep 2022  17:44,1662252240,no_matches,no_matches,no_matches,no_matches
113.6,117.6,96.64%,86.02%,03 Sep 2022  17:22,1662250920,no_matches,no_matches,no_matches,no_matches
116.8,123.2,98.70%,74.24%,03 Sep 2022  17:19,1662250740,no_matches,no_matches,no_matches,no_matches
116.0,123.2,97.40%,79.42%,27 Aug 2022  18:53,1661651580,no_matches,no_matches,no_matches,no_matches
109.6,124.8,93.04%,77.84%,27 Aug 2022  18:52,1661651520,no_matches,no_matches,no_matches,no_matches
103.93,108.73,95.00%,81.37%,27 Aug 2022  13:49,1661633340,no_matches,no_matches,no_matches,no_matches
